time,coin,entry,prob,spread_pct,bid_krw,ask_krw,depth_imb,bid_wall,ask_wall,buy_ratio
2026-06-22 10:06,STRAX,16.0400,0.19,0.5627,11325139,12340189,-0.0429,0.3929,0.5065,0.6651
2026-06-22 11:30,ZRC,1.8590,0.28,1.4525,8810115,5705476,0.2139,0.2235,0.5514,0.2844
2026-06-22 11:45,WNCG,8.6570,0.30,1.1623,10121896,10468725,-0.0168,0.4624,0.5653,0.7722
2026-06-22 11:54,ACS,0.2268,0.44,0.7497,15412725,4008543,0.5872,0.5887,0.2653,1.0
2026-06-22 12:45,TAIKO,350.0000,0.44,0.2821,63578384,63396182,0.0014,0.2347,0.1547,0.5739
2026-06-22 13:35,ID,55.1400,0.27,0.3404,6052159,28986321,-0.6545,0.2287,0.4312,0.4286
2026-06-22 13:45,STRAX,16.9800,0.44,0.5872,19578789,20527745,-0.0237,0.4041,0.4964,0.0682
2026-06-22 14:00,HPP,33.5000,0.47,1.5069,20987159,6049332,0.5525,0.6519,0.3104,0.4928
2026-06-22 14:25,ES,84.3200,0.34,2.2062,17564806,15615315,0.0588,0.2201,0.5161,0.3258
2026-06-22 14:50,POLA,4.2520,0.25,0.0469,5345632,20702817,-0.5896,0.2553,0.3732,0.2886
2026-06-22 15:35,WNCG,8.7410,0.28,2.8809,12384853,12457128,-0.0029,0.2151,0.3049,0.9875
2026-06-22 15:40,POLA,4.3390,0.46,0.5785,21204308,12596627,0.2547,0.3089,0.7559,0.1153
2026-06-22 16:55,RE,1235.0000,0.36,0.0812,44991962,106537899,-0.4062,0.3875,0.1667,0.8856
2026-06-22 17:05,TAIKO,312.0000,0.34,0.3231,20718827,69546256,-0.5409,0.1884,0.4214,0.1926
2026-06-22 19:35,HPP,34.0000,0.20,1.3928,4250033,8617541,-0.3394,0.1929,0.2822,0.7768
2026-06-22 21:20,STRAX,17.8000,0.31,0.2803,3421384,10948304,-0.5238,0.4314,0.3569,0.5131
2026-06-22 21:25,TAIKO,298.0000,0.34,0.3361,18779387,54497081,-0.4874,0.1891,0.1857,0.3314
2026-06-22 21:45,BEL,265.0000,0.32,0.3711,22278868,56074143,-0.4313,0.2697,0.3407,0.5066
2026-06-22 22:10,BEL,305.0000,0.40,0.3317,62661910,130156322,-0.35,0.2888,0.1689,0.4446
2026-06-23 00:00,TAIKO,292.0000,0.27,0.6849,26513335,48823177,-0.2961,0.2729,0.2511,0.5352
2026-06-23 00:05,GNO,471400.0000,0.41,0.901,13895974,7955421,0.2719,0.316,0.1736,0.6366
2026-06-23 00:05,HPP,41.4000,0.31,0.2626,8100773,20713202,-0.4377,0.411,0.2488,0.5231
2026-06-23 00:10,H,189.0000,0.24,0.5333,150505955,259257427,-0.2654,0.1695,0.1189,0.4509
2026-06-23 00:25,STRAX,16.9200,0.46,0.1762,24570376,8657347,0.4789,0.2267,0.2795,0.117
2026-06-23 01:39,ZTX,0.4748,0.26,0.2527,16108501,21930064,-0.153,0.4296,0.3664,0.6561
2026-06-23 01:45,HEMI,8.7530,0.23,0.504,39482272,5434561,0.758,0.3834,0.4041,0.1409
2026-06-23 02:10,RE,1289.0000,0.36,0.3893,42595402,36319599,0.0795,0.1963,0.656,0.099
2026-06-23 02:15,ZTX,0.4581,0.21,0.0436,15588786,6452050,0.4145,0.216,0.4112,0.4123
2026-06-23 02:41,RE,1367.0000,0.24,0.3702,72666834,24360509,0.4979,0.1376,0.346,0.3554
2026-06-23 03:12,RE,1480.0000,0.38,0.135,46884658,25718570,0.2915,0.2955,0.3037,0.4004
2026-06-23 05:40,TAIKO,230.0000,0.25,0.4376,31391750,64628886,-0.3461,0.3724,0.2436,0.4396
2026-06-23 05:55,POLA,3.8850,0.24,0.4364,3961215,13350737,-0.5424,0.4684,0.565,0.4424
2026-06-23 06:25,TAIKO,239.0000,0.29,0.4193,22881525,64821298,-0.4782,0.1555,0.3415,0.7403
2026-06-23 06:50,ZTX,0.4695,0.37,0.0834,8268455,20704272,-0.4292,0.2968,0.2785,0.5994
2026-06-23 07:05,TAIKO,263.0000,0.47,0.7576,23222345,30090027,-0.1288,0.264,0.2502,0.3386
2026-06-23 08:05,GNO,415000.0000,0.41,1.0324,5198459,8032018,-0.2142,0.5165,0.4813,0.3726
2026-06-23 08:15,HPP,38.5900,0.39,0.2516,21346616,47458420,-0.3795,0.2001,0.6046,0.7946
2026-06-23 08:39,EDEN,69.8400,0.26,0.0717,10216874,35778174,-0.5557,0.3413,0.8627,0.7837
2026-06-23 08:39,IP,488.0000,0.20,0.4107,80458122,70959209,0.0627,0.2704,0.2378,0.9618
2026-06-23 08:50,HPP,40.6700,0.26,0.3242,23999761,12971789,0.2983,0.6063,0.3703,0.5728
2026-06-23 09:05,DEXE,28930.0000,0.33,0.1377,26325080,20731134,0.1189,0.3799,0.2941,0.5908
2026-06-23 10:55,ID,60.5700,0.31,0.132,30531401,30790202,-0.0042,0.3275,0.1617,0.1578
2026-06-23 11:30,TAIKO,240.0000,0.35,0.4158,40047300,36903561,0.0409,0.1772,0.2494,0.8584
2026-06-23 11:45,MMT,315.0000,0.43,0.639,32022128,111985242,-0.5553,0.475,0.2834,0.7416
2026-06-23 11:55,ZTX,0.4830,0.30,0.0204,3287830,10032202,-0.5063,0.2494,0.3747,0.6536
2026-06-23 12:15,HPP,39.2900,0.37,1.1916,9961914,20178350,-0.339,0.2862,0.329,0.2944
2026-06-23 12:25,ID,62.4300,0.26,0.2229,65236867,35893221,0.2902,0.5822,0.2369,0.6338
2026-06-23 12:40,LAYER,122.0000,0.29,0.823,141371043,136364263,0.018,0.148,0.1269,0.6033
2026-06-23 13:20,LAYER,122.0000,0.32,1.6393,175941368,86428079,0.3412,0.1378,0.2103,0.275
2026-06-23 13:35,SLX,307.0000,0.19,0.3263,51837130,87101004,-0.2538,0.2185,0.2663,0.5187
2026-06-23 14:35,DEXE,33790.0000,0.36,0.0887,21286534,14355092,0.1945,0.1282,0.1912,0.5154
2026-06-23 15:15,ZTX,0.4976,0.50,0.142,17225354,10444329,0.2451,0.338,0.2248,0.2469
2026-06-23 15:30,TAIKO,217.0000,0.35,0.4619,55628452,32452995,0.2631,0.1694,0.2341,0.5272
2026-06-23 15:55,DEXE,35320.0000,0.36,0.6597,27628034,11135499,0.4255,0.3619,0.3554,0.5713
2026-06-23 16:25,BICO,49.5500,0.35,0.1209,37460695,49562794,-0.1391,0.2617,0.2018,0.7389
2026-06-23 16:40,BEL,258.0000,0.22,0.7782,40474532,112191336,-0.4698,0.4591,0.2463,0.8783
2026-06-23 17:10,LAYER,121.0000,0.31,0.8299,134459578,74897353,0.2845,0.1689,0.2282,0.1159
2026-06-23 18:05,TT,1.1660,0.32,0.0858,4224389,26513583,-0.7251,0.2741,0.3732,0.9143
2026-06-23 18:35,VERONA,300.0000,0.29,0.3306,35914343,93703556,-0.4458,0.2688,0.21,0.531
2026-06-23 19:07,CTR,16.9200,0.19,0.5984,22281730,31258840,-0.1677,0.2765,0.3199,0.4783
2026-06-23 20:40,TT,1.2330,0.40,0.1629,9410990,12426328,-0.1381,0.2901,0.5569,0.6188
2026-06-23 22:25,CAMP,1.2920,0.32,0.1549,9370504,3428646,0.4642,0.4563,0.1874,0.4565
2026-06-23 23:26,MAPO,2.0800,0.41,0.3371,7978682,6147272,0.1296,0.452,0.3011,0.4096
2026-06-24 00:40,TAIKO,247.0000,0.41,0.813,46092861,34091066,0.1497,0.1901,0.2423,0.4722
2026-06-24 00:40,GNO,364900.0000,0.26,3.2609,7428277,8543138,-0.0698,0.2733,0.3279,0.5376
2026-06-24 00:45,BASED,144.0000,0.33,0.7018,35818146,150929975,-0.6164,0.3968,0.2175,0.6827
2026-06-24 01:05,SWELL,1.2290,0.41,0.2466,8105329,20645117,-0.4362,0.2312,0.8304,0.2392
2026-06-24 03:50,TAIKO,257.0000,0.39,0.3929,27001297,61976289,-0.3931,0.1455,0.3732,0.3729
2026-06-24 06:19,SAHARA,19.1300,0.35,0.0523,22013078,20653356,0.0319,0.1603,0.347,0.4863
2026-06-24 06:19,SWELL,1.2200,0.28,0.493,3864403,11793210,-0.5064,0.1501,0.4923,0.294
2026-06-24 06:45,VERONA,222.0000,0.35,0.4454,13357155,36257008,-0.4616,0.1948,0.2132,0.8179
2026-06-24 06:50,GNO,364700.0000,0.29,1.6031,7937990,18001733,-0.388,0.5019,0.3045,0.9394
2026-06-24 07:05,TAIKO,306.0000,0.40,0.32,24265834,33488402,-0.1597,0.1787,0.3113,0.5111
2026-06-24 08:10,XAN,16.8200,0.24,0.2368,24058023,23138268,0.0195,0.4157,0.2723,0.272
2026-06-24 08:15,SAHARA,19.1700,0.38,0.1055,13780001,53262118,-0.5889,0.2095,0.5218,0.2349
2026-06-24 09:00,IP,492.0000,0.35,0.4107,50044643,96124111,-0.3152,0.3125,0.1844,0.639
2026-06-24 09:05,ID,52.3600,0.23,0.1859,120677451,7632057,0.881,0.1743,0.3049,0.6997
2026-06-24 10:00,TT,1.1170,0.47,0.9083,2192337,4261601,-0.3206,0.3193,0.202,0.409
2026-06-24 10:55,GAME2,1.3610,0.34,0.6548,3845040,1814120,0.3589,0.2928,0.2964,0.2999
2026-06-24 12:30,TAIKO,283.0000,0.23,0.3604,38255334,82901286,-0.3685,0.2106,0.2567,0.5148
2026-06-24 13:05,VERONA,241.0000,0.52,0.4158,29872950,48779256,-0.2404,0.4082,0.3119,0.4787
2026-06-24 13:05,GAME2,1.5430,0.41,0.651,5110833,5672854,-0.0521,0.6073,0.3041,0.5811
2026-06-24 13:10,HOOK,10.6200,0.47,0.0949,5626966,9897483,-0.2751,0.3214,0.6469,0.5389
2026-06-24 15:05,SLX,432.0000,0.36,0.2317,66986777,82761656,-0.1053,0.3041,0.1602,0.567
2026-06-24 15:10,G,4.8140,0.40,0.7409,16763135,35839844,-0.3627,0.1728,0.4013,0.2751
2026-06-24 15:20,BEL,235.0000,0.48,0.4246,43632061,69923271,-0.2315,0.2292,0.2164,0.4548
2026-06-24 15:40,MMT,274.0000,0.37,0.367,37229830,81628323,-0.3735,0.4719,0.5053,0.6156
2026-06-24 16:30,G,5.2490,0.42,0.019,11761097,13758310,-0.0783,0.2224,0.4852,0.5416
2026-06-24 16:35,SAHARA,20.0800,0.41,0.1493,40585913,11564916,0.5565,0.1756,0.2521,0.822
2026-06-24 16:50,TAIKO,239.0000,0.46,0.4175,49858000,38074415,0.134,0.1247,0.22,0.3709
2026-06-24 17:05,BICO,40.1300,0.27,0.401,55934148,75503528,-0.1489,0.2072,0.1324,0.8064
2026-06-24 17:10,VERONA,270.0000,0.34,0.3724,23128821,34062888,-0.1912,0.4202,0.2624,0.6002
2026-06-24 17:50,ID,60.4400,0.47,0.1818,37445376,16268355,0.3943,0.2488,0.4484,0.3886
2026-06-24 19:20,XAN,16.2100,0.35,0.3695,20976359,29159477,-0.1632,0.5534,0.4408,0.7387
2026-06-24 20:40,SLX,452.0000,0.29,0.4435,96432641,60307446,0.2305,0.3349,0.1932,0.8372
2026-06-24 21:45,STRAX,17.0100,0.43,0.0592,27061613,10379797,0.4455,0.6577,0.5827,0.3923
2026-06-24 22:35,TAIKO,238.0000,0.31,0.4211,30992811,36945380,-0.0876,0.2711,0.2216,0.1568
2026-06-25 00:00,VERONA,264.0000,0.31,1.1385,21536261,51022008,-0.4064,0.2203,0.2508,0.6933
2026-06-25 00:05,H,128.0000,0.24,0.7491,161406056,195061721,-0.0944,0.3959,0.1813,0.4964
2026-06-25 00:10,GNO,381400.0000,0.38,1.2665,5345651,11376301,-0.3606,0.2982,0.2876,0.549
2026-06-25 07:30,SLX,463.0000,0.29,0.2157,110215112,54308427,0.3398,0.2184,0.1634,0.1868
2026-06-25 08:24,GWEI,205.0000,0.35,0.4866,67851647,100729914,-0.195,0.247,0.216,0.5549
2026-06-25 09:05,ENSO,924.0000,0.43,0.2162,25557608,38309580,-0.1997,0.2819,0.1476,0.4648
2026-06-25 10:00,XTER,22.1700,0.33,0.307,22494023,27474776,-0.0997,0.3672,0.2099,0.8307
2026-06-25 10:20,TAIKO,213.0000,0.23,0.9302,27313910,60032917,-0.3746,0.1683,0.4551,0.5385
2026-06-25 12:20,XTER,21.8200,0.34,0.512,81662963,23201865,0.5575,0.9822,0.3228,0.9104
2026-06-25 12:21,POLA,3.9910,0.23,0.5794,19326109,22917071,-0.085,0.3796,0.592,0.7267
2026-06-25 12:55,H,133.0000,0.23,0.7491,301345948,353363813,-0.0795,0.1573,0.1624,0.6457
2026-06-25 13:10,ID,66.0400,0.34,0.2302,35016834,15832961,0.3773,0.2856,0.6528,0.0513
2026-06-25 13:26,H,135.0000,0.26,0.7491,439358067,402587985,0.0437,0.2421,0.1573,0.3152
2026-06-25 14:00,SLX,548.0000,0.32,0.1813,91428189,87235687,0.0235,0.1465,0.1838,0.1822
2026-06-25 15:35,OBT,0.6408,0.45,1.383,4793984,12577581,-0.4481,0.1356,0.5079,0.4621
2026-06-25 18:05,BEL,228.0000,0.33,0.4396,16953100,76085313,-0.6356,0.2853,0.1819,0.6065
2026-06-25 21:24,BEL,254.0000,0.49,0.3976,35098556,75064907,-0.3628,0.3277,0.1705,0.4958
2026-06-25 22:00,SLX,575.0000,0.23,0.1696,77201606,126641643,-0.2425,0.3077,0.1847,0.6781
2026-06-25 22:10,DEXE,38070.0000,0.39,0.0268,23422946,35494456,-0.2049,0.1505,0.2817,0.2913
2026-06-25 22:50,TAIKO,206.0000,0.10,0.995,22653027,48455811,-0.3629,0.4478,0.2742,0.81
2026-06-25 22:55,POLA,3.9680,0.10,0.0252,11158477,36973174,-0.5363,0.6005,0.3539,0.8585
2026-06-26 00:05,EDGE,114.0000,0.49,0.8734,132919718,77991561,0.2604,0.3609,0.1509,0.6487
2026-06-26 00:05,OBT,0.6507,0.34,0.4411,14728438,4411289,0.539,0.1851,0.3305,0.5264
2026-06-26 00:05,XPLA,10.8000,0.34,0.09,14123767,15372142,-0.0423,0.4763,0.3616,0.8231
2026-06-26 00:10,B3,0.8048,0.21,1.5794,12586720,18408354,-0.1878,0.2417,0.7173,0.5694
2026-06-26 00:25,BFC,19.8500,0.26,2.8906,18528750,3717577,0.6658,0.4388,0.5117,0.1475
2026-06-26 00:30,CARV,73.0900,0.25,2.0342,19403088,26647277,-0.1573,0.2531,0.3816,0.9116
2026-06-26 00:39,FLOCK,55.1300,0.20,3.0013,8259687,20615846,-0.4279,0.4898,0.6276,0.0479
2026-06-26 00:55,UP,96.9600,0.39,1.553,9120902,23575829,-0.4421,0.2891,0.2625,0.1232
2026-06-26 01:05,SPACE,9.4620,0.25,0.2853,25180074,22996038,0.0453,0.1575,0.2174,0.7385
2026-06-26 01:25,SLX,624.0000,0.33,0.32,130835408,82256828,0.228,0.1674,0.2814,0.5097
2026-06-26 01:55,EDGE,118.0000,0.21,0.8511,43857733,114376230,-0.4457,0.1479,0.1465,0.5598
2026-06-26 02:10,IP,526.0000,0.31,0.3759,101490490,70536487,0.1799,0.307,0.2083,0.9338
2026-06-26 02:10,B3,0.8190,0.42,1.0689,18412820,24110162,-0.134,0.1523,0.5398,0.699
2026-06-26 02:16,GNO,344000.0000,0.25,0.7587,24947187,2961963,0.7877,0.7202,0.5198,0.9658
2026-06-26 02:20,AAVE,127800.0000,0.42,0.235,18488568,25555721,-0.1605,0.5404,0.3075,0.7306
2026-06-26 02:40,EDGE,129.0000,0.42,0.7782,42563021,138522044,-0.5299,0.1433,0.3657,0.6583
2026-06-26 03:35,XPLA,11.8800,0.48,0.0844,7047869,4865634,0.1832,0.2677,0.4909,0.411
2026-06-26 03:50,G,5.1210,0.32,0.1955,23020141,29482885,-0.1231,0.4344,0.1974,0.1977
2026-06-26 04:05,XPLA,12.8500,0.38,0.0777,2087098,5507823,-0.4504,0.4403,0.3965,0.3077
2026-06-26 05:55,XPLA,14.1900,0.45,0.0708,15944818,8131805,0.3245,0.5286,0.373,0.1834
2026-06-26 06:15,CARV,55.9300,0.37,1.3544,8651654,14052403,-0.2379,0.2354,0.5652,0.5493
2026-06-26 06:15,UP,105.0000,0.34,0.9479,44035376,154346998,-0.5561,0.6178,0.1764,0.8518
2026-06-26 06:15,POLA,3.9480,0.19,1.9057,8327440,29257143,-0.5569,0.2056,0.4473,0.4784
2026-06-26 06:30,IP,602.0000,0.41,0.1671,91046654,16516279,0.6929,0.1732,0.2827,0.2994
2026-06-26 06:35,B3,0.8698,0.45,1.6681,17934626,1851645,0.8128,0.2852,0.5995,0.332
2026-06-26 06:36,SHIB,0.0065,0.20,1.5504,1829781537,1082118226,0.2568,0.2207,0.2467,0.7108
2026-06-26 06:45,CARV,73.1000,0.31,0.5227,8138842,30288500,-0.5764,0.3854,0.4609,0.3481
2026-06-26 07:14,VERONA,223.0000,0.39,1.81,26078063,21233885,0.1024,0.3759,0.2771,0.8025
2026-06-26 07:30,UP,110.0000,0.31,0.905,68071122,163648276,-0.4125,0.1491,0.227,0.5072
2026-06-26 08:35,G,5.7140,0.51,0.2251,31221521,15019714,0.3504,0.3203,0.4228,0.4681
2026-06-26 09:05,TRUST,80.7400,0.39,0.4217,15003563,5516654,0.4623,0.1904,0.3722,0.6795
2026-06-26 09:06,G,6.1260,0.32,0.2246,16780581,25833824,-0.2124,0.2394,0.3293,0.8416
2026-06-26 10:15,B3,0.8531,0.35,0.0112,14810201,13178218,0.0583,0.1911,0.2997,0.5968
2026-06-26 11:20,POLA,4.0300,0.36,0.4264,20714088,19168831,0.0387,0.285,0.5491,0.8725
2026-06-26 12:20,BFC,19.1900,0.30,0.267,106369048,14587328,0.7588,0.2622,0.5439,0.4306
2026-06-26 12:35,HPP,34.0500,0.65,0.5555,5385050,4717494,0.0661,0.4564,0.7106,0.735
2026-06-26 12:40,XPLA,11.2400,0.35,0.6242,20342304,9290871,0.3729,0.6171,0.1329,0.3164
2026-06-26 12:50,BFC,18.1600,0.18,1.559,7890036,2559670,0.5101,0.4254,0.2136,0.3789
2026-06-26 14:14,RE,1151.0000,0.34,0.3478,8002515,20499914,-0.4385,0.2186,0.3997,0.7148
2026-06-26 15:05,CARV,58.7700,0.35,1.2765,9794504,7006488,0.1659,0.5216,0.2064,0.2501
2026-06-26 16:46,GRACY,8.0490,0.32,1.8818,3149392,6186084,-0.3253,0.2572,0.2644,0.7445
2026-06-26 17:10,CARV,64.3400,0.35,0.9324,10276052,7023429,0.188,0.5424,0.2286,0.3519
2026-06-26 17:15,G,6.5840,0.27,0.2426,10362865,6926522,0.1988,0.2534,0.2214,0.5728
2026-06-26 17:25,SLX,596.0000,0.33,0.1679,49329737,98578745,-0.333,0.2757,0.2333,0.6681
2026-06-26 18:30,UP,100.0000,0.33,0.995,7903015,76743366,-0.8133,0.3354,0.3591,0.3652
2026-06-26 19:05,XPLA,10.7000,0.35,0.7498,8864847,10766021,-0.0968,0.4184,0.3054,0.9599
2026-06-26 21:40,TAIKO,182.0000,0.36,0.551,36405513,37653523,-0.0169,0.2578,0.2736,0.5778
2026-06-27 00:05,VERONA,246.0000,0.16,0.3992,29888686,44170352,-0.1928,0.4406,0.228,0.6153
2026-06-27 00:10,XPLA,11.1800,0.27,0.5352,9763845,6149611,0.2271,0.3478,0.2032,0.4254
2026-06-27 00:20,CARV,66.5600,0.26,0.1509,26240077,19584750,0.1452,0.3509,0.1999,0.1397
2026-06-27 00:20,HPP,33.4800,0.22,0.8619,4627986,34658470,-0.7644,0.2033,0.3305,0.7667
2026-06-27 00:20,BEL,268.0000,0.38,0.7463,57751585,66094413,-0.0674,0.3614,0.2544,0.6652
2026-06-27 00:50,CARV,68.7400,0.24,0.2704,27520406,43561066,-0.2257,0.3554,0.2406,0.0719
2026-06-27 01:00,BLUE,19.3400,0.26,3.7348,30228052,9673793,0.5151,0.4449,0.239,0.1803
2026-06-27 01:35,PUNDIX,138.0000,0.42,0.722,56487032,44264360,0.1213,0.2367,0.5527,0.4986
2026-06-27 07:25,UP,112.0000,0.36,0.905,31537690,139149732,-0.6305,0.1615,0.372,0.3973
2026-06-27 07:31,EDGE,98.4800,0.28,0.1716,3750181,1443973,0.444,0.2579,0.0688,0.383
2026-06-27 08:45,UP,121.0000,0.51,0.8439,52268219,252701743,-0.6572,0.1807,0.2344,0.264
2026-06-27 09:00,BICO,32.0100,0.28,0.2234,14684929,24376622,-0.2481,0.1867,0.1146,0.0673
2026-06-27 09:05,MLK,67.7000,0.42,0.4425,13046188,10655683,0.1009,0.6114,0.5263,0.4522
2026-06-27 09:05,AGLD,338.0000,0.46,0.6006,69039296,63713009,0.0401,0.5346,0.156,0.6423
2026-06-27 09:10,OBT,0.6116,0.33,0.6095,8965011,10659421,-0.0863,0.6558,0.3656,1.0
2026-06-27 09:20,PUNDIX,147.0000,0.38,1.3605,51091529,46182878,0.0505,0.3697,0.2964,0.464
2026-06-27 09:29,PUNDIX,166.0000,0.39,0.59,81374057,67162520,0.0957,0.3389,0.2517,0.2429
2026-06-27 09:30,AGLD,380.0000,0.35,0.7802,72208899,58589508,0.1041,0.4568,0.3267,0.5067
2026-06-27 09:40,MLK,72.9100,0.39,0.7442,5579126,9487949,-0.2594,0.4136,0.2282,0.3329
2026-06-27 09:40,ALLO,551.0000,0.35,0.365,67203782,106852692,-0.2278,0.3874,0.2092,0.3192
2026-06-27 09:45,BORA,39.7200,0.37,0.1511,30480828,11568768,0.4498,0.2743,0.4218,0.7127
2026-06-27 09:55,SLX,674.0000,0.36,0.1487,96404318,135221331,-0.1676,0.3112,0.1763,0.8381
2026-06-27 11:05,ARX,410.0000,0.32,0.4878,44490274,62713580,-0.17,0.228,0.1794,0.61
2026-06-27 11:05,CBK,296.0000,0.39,0.3396,8791166,16641286,-0.3087,0.3315,0.5455,0.5406
2026-06-27 11:25,FCT2,12.0000,0.36,1.1725,2738321,14287687,-0.6783,0.2374,0.3805,0.5576
2026-06-27 11:27,SHIB,0.0066,0.37,1.5267,2082268988,1055372969,0.3273,0.2128,0.2734,0.9594
2026-06-27 11:40,PUNDIX,186.0000,0.36,0.5362,110153499,88090263,0.1113,0.445,0.3128,0.899
2026-06-27 12:15,ARX,443.0000,0.31,0.2265,71925295,43376484,0.2476,0.1242,0.1719,0.3375
2026-06-27 13:10,FCT2,12.2800,0.40,0.5731,3487949,6122320,-0.2741,0.2416,0.2899,0.8264
2026-06-27 13:35,ARX,471.0000,0.38,0.2134,46221655,47973726,-0.0186,0.2075,0.2903,0.2033
2026-06-27 13:41,FCT2,13.0000,0.41,0.3058,5990913,15924008,-0.4533,0.2498,0.3467,0.3172
2026-06-27 15:40,EDGE,100.0000,0.39,0.9852,14004289,70339919,-0.6679,0.5169,0.195,0.5542
2026-06-27 16:15,MLK,64.1200,0.35,0.3266,11859827,17928393,-0.2037,0.5105,0.4459,0.3574
2026-06-27 16:15,EDGE,126.0000,0.55,0.7968,61216620,123926107,-0.3387,0.2568,0.2035,0.7502
2026-06-27 16:30,UP,111.0000,0.37,0.8969,61283914,184077485,-0.5005,0.4872,0.3388,0.5009
2026-06-27 16:46,EDGE,156.0000,0.40,1.2422,74413049,44929609,0.247,0.2062,0.2235,0.3954
2026-06-27 18:15,OXT,12.6200,0.44,4.2071,9052372,22700842,-0.4298,0.1751,0.3276,0.5608
2026-06-27 18:50,AGLD,316.0000,0.28,0.6369,93947928,91764178,0.0118,0.4377,0.1591,0.5452
2026-06-27 20:35,EDGE,133.0000,0.21,0.7722,71109397,137641649,-0.3187,0.14,0.3998,0.4071
2026-06-27 23:35,AGLD,326.0000,0.41,0.3072,65790640,39033693,0.2553,0.2253,0.1573,0.5449
2026-06-28 00:05,AL,3.1550,0.23,1.3444,17188947,9385960,0.2936,0.659,0.3133,0.4945
2026-06-28 00:05,AGLD,360.0000,0.33,0.2797,63344048,54480788,0.0752,0.2211,0.245,0.6047
2026-06-28 00:05,ELF,108.0000,0.37,0.8889,135027370,22479938,0.7146,0.1969,0.2353,0.7802
2026-06-28 00:10,OXT,12.9000,0.36,0.8013,21769869,10291825,0.358,0.3333,0.3176,0.5757
2026-06-28 00:15,UP,109.0000,0.25,0.9302,37657268,151777588,-0.6024,0.3635,0.1294,0.5423
2026-06-28 00:55,EDGE,138.0000,0.29,0.7326,74587380,110424063,-0.1937,0.1663,0.2693,0.9035
2026-06-28 02:35,SLX,780.0000,0.38,0.1263,98190994,56101116,0.2728,0.5003,0.1559,0.5511
2026-06-28 03:10,SLX,880.0000,0.45,0.2288,55530201,47918787,0.0736,0.5521,0.2189,0.5056
2026-06-28 03:15,ARX,465.0000,0.39,0.2148,91903675,64105253,0.1782,0.2764,0.1563,0.5724
2026-06-28 03:15,RE,991.0000,0.34,0.3984,47780331,29831057,0.2313,0.6279,0.221,0.6246
2026-06-28 04:25,OXT,11.7000,0.47,3.5867,5672287,20826959,-0.5719,0.3053,0.3638,0.391
2026-06-28 05:10,AGLD,329.0000,0.28,0.6173,69495992,24113008,0.4848,0.4317,0.3503,0.6963
2026-06-28 05:10,BICO,32.4000,0.26,0.2786,51203101,27580869,0.2998,0.4776,0.1534,0.5547
2026-06-28 06:00,POKT,13.3000,0.45,0.9845,5354433,6346403,-0.0848,0.3184,0.3128,0.2749
2026-06-28 06:05,UP,116.0000,0.39,0.8658,130801046,283062518,-0.3679,0.1757,0.2473,0.5991
2026-06-28 06:20,CVC,34.1100,0.36,0.9651,18540012,11610203,0.2298,0.5774,0.7881,0.3957
2026-06-28 06:46,OXT,11.8500,0.40,0.1686,4238835,4257351,-0.0022,0.3214,0.1592,0.4196
2026-06-28 07:25,SHIB,0.0065,0.42,1.5504,1865576187,1314574338,0.1733,0.2663,0.2668,0.7034
2026-06-28 07:28,PEPE,0.0037,0.22,2.7397,1692104959,2270539477,-0.146,0.3151,0.1475,0.0653
2026-06-28 08:10,XCN,6.2120,0.34,0.4976,30010474,6948072,0.624,0.511,0.1667,0.4475
2026-06-28 08:40,RE,1090.0000,0.42,0.0919,63928181,16638704,0.587,0.3093,0.4466,0.5509
2026-06-28 09:05,ARK,182.0000,0.41,0.545,61189404,29778739,0.3453,0.4804,0.2883,0.2507
2026-06-28 09:10,NEAR,2949.0000,0.31,0.1023,39008302,83813417,-0.3648,0.2637,0.5878,0.2619
2026-06-28 09:15,CBK,283.0000,0.29,0.3552,11760278,7443591,0.2248,0.2035,0.2969,0.6816
2026-06-28 09:25,EDGE,132.0000,0.24,1.4925,68264811,82709916,-0.0957,0.2827,0.2405,0.7344
2026-06-28 09:30,ELF,105.0000,0.30,0.9479,83227209,105778455,-0.1193,0.7045,0.1806,0.5184
2026-06-28 10:05,GLM,158.0000,0.40,0.6349,56971636,91633683,-0.2332,0.2293,0.7477,0.726
2026-06-28 11:25,EDGE,152.0000,0.42,0.6645,33618427,92606535,-0.4673,0.1917,0.2324,0.3783
2026-06-28 11:40,ELF,112.0000,0.41,0.9132,58585072,67092926,-0.0677,0.1845,0.1964,0.5495
2026-06-28 13:05,CTC,135.0000,0.28,0.738,35166689,33767428,0.0203,0.2367,0.3175,0.5159
2026-06-28 13:37,PROS,781.0000,0.28,0.3987,36389141,12587588,0.486,0.294,0.2527,0.2059
2026-06-28 13:40,HP,15.6800,0.26,0.3836,26037299,4653674,0.6967,0.5411,0.5501,0.7763
2026-06-28 13:40,POKT,14.3000,0.51,0.2122,19178687,20509678,-0.0335,0.5087,0.4622,0.2172
2026-06-28 14:00,CVC,34.9600,0.34,0.5495,23555310,4464783,0.6813,0.5307,0.4336,0.3023
2026-06-28 14:05,FCT2,13.3600,0.47,0.5395,4132287,3748776,0.0487,0.2009,0.531,0.4319
2026-06-28 14:35,S,36.7500,0.50,0.1349,17043970,26036653,-0.2087,0.2093,0.3597,0.2236
2026-06-28 14:50,POWR,85.2500,0.28,0.0119,7320598,4862302,0.2018,0.1776,0.578,0.1966
2026-06-28 14:50,QKC,3.2580,0.31,1.1136,8242233,7505010,0.0468,0.2427,0.3607,0.4553
2026-06-28 15:45,EDGE,163.0000,0.37,0.6116,53821192,184206626,-0.5478,0.2017,0.2584,0.4293
2026-06-28 15:45,AGLD,303.0000,0.29,0.3328,69043473,119133369,-0.2662,0.5578,0.4056,0.5446
2026-06-28 16:35,S,38.6600,0.43,0.1832,14956404,10694598,0.1661,0.2212,0.4062,0.3705
2026-06-28 16:45,BIOT,0.3725,0.30,1.168,4229232,1605243,0.4497,0.4913,0.3204,0.4265
2026-06-28 18:00,OXT,11.0200,0.31,2.4805,7858770,13143234,-0.2516,0.2175,0.6923,0.6859
2026-06-28 18:50,POWR,82.6200,0.25,0.4499,14186523,16359510,-0.0711,0.3752,0.2415,0.5375
2026-06-28 19:20,OXT,11.6700,0.45,0.9102,18177392,22714799,-0.111,0.5912,0.6659,0.9308
2026-06-28 23:12,QKC,3.1840,0.21,1.7744,7949612,20579393,-0.4427,0.3309,0.4678,0.8873
2026-06-28 23:15,OXT,10.9100,0.24,0.2759,7809249,12058454,-0.2139,0.472,0.4547,0.4627
2026-06-28 23:35,S,40.9900,0.45,0.0487,65399085,23147575,0.4772,0.3215,0.432,0.5001
2026-06-28 23:50,POWR,72.4600,0.22,0.381,13286770,5259353,0.4328,0.2434,0.3886,0.907
2026-06-28 23:55,OXT,11.0400,0.27,0.1771,14589996,14278951,0.0108,0.2692,0.7251,0.882
2026-06-29 00:05,MANTA,229.0000,0.32,0.8696,123094126,57188869,0.3656,0.3837,0.1651,0.4627
2026-06-29 00:05,H,106.0000,0.33,0.9302,87011496,180984048,-0.3506,0.2096,0.1798,0.6208
2026-06-29 00:10,TAVA,4.4630,0.23,0.6697,9502708,2360203,0.6021,0.5115,0.7873,0.0202
2026-06-29 00:30,POWR,78.5500,0.29,0.281,24424141,6288778,0.5905,0.274,0.6152,0.6512
2026-06-29 02:45,OPG,208.0000,0.30,0.4866,21461314,57060532,-0.4534,0.4532,0.1519,0.5884
2026-06-29 04:56,ARDR,38.5200,0.29,0.2616,1545896,3635771,-0.4033,0.4205,0.5711,0.7398
2026-06-29 05:42,OXT,8.0150,0.22,3.006,26266386,7353908,0.5625,0.3747,0.3536,0.5005
2026-06-29 07:30,OXT,7.4000,0.33,3.395,16019249,8057810,0.3307,0.4404,0.2504,0.59
2026-06-29 08:01,OXT,6.8990,0.50,3.8077,13808170,6734036,0.3444,0.2104,0.211,0.3687
2026-06-29 08:35,EDGE,141.0000,0.40,0.7117,38305982,88323245,-0.395,0.2003,0.1768,0.3112
2026-06-29 09:05,ELF,99.3500,0.28,1.1026,13188491,113508063,-0.7918,0.2933,0.3602,0.784
2026-06-29 09:05,ID,53.3800,0.28,0.0187,22498360,6982220,0.5263,0.1692,0.2005,0.5693
2026-06-29 09:11,QKC,3.1510,0.36,0.8215,11075446,19685652,-0.2799,0.3182,0.4738,0.5326
2026-06-29 09:15,POWR,83.8900,0.37,0.212,21300586,6680439,0.5225,0.1794,0.3145,0.4642
2026-06-29 10:50,AGLD,274.0000,0.26,0.3697,49596732,47802916,0.0184,0.2671,0.3381,0.582
2026-06-29 11:30,POWR,94.9400,0.40,0.0736,9119050,15148534,-0.2485,0.3057,0.3271,0.7099
2026-06-29 11:50,SLX,913.0000,0.31,0.1095,61537736,70900153,-0.0707,0.2932,0.2484,0.6552
2026-06-29 12:10,MANTA,136.0000,0.30,0.7273,228499999,89606833,0.4366,0.2225,0.1616,0.808
2026-06-29 12:40,OXT,6.0000,0.27,3.8973,19484207,12807226,0.2068,0.5979,0.3044,0.4932
2026-06-29 13:11,OXT,5.8610,0.41,3.2359,38989779,8935697,0.6271,0.5836,0.158,0.7983
2026-06-29 13:30,COOKIE,14.3600,0.46,0.4202,17332561,13803471,0.1133,0.5948,0.7245,0.2817
2026-06-29 13:31,GNO,279600.0000,0.37,1.0167,2753105,7686653,-0.4726,0.3883,0.4969,0.7015
2026-06-29 15:35,BICO,29.6600,0.35,0.3415,74965452,10963303,0.7448,0.2811,0.2634,0.4095
2026-06-29 16:35,GWEI,258.0000,0.28,0.3854,155857779,80916590,0.3165,0.2138,0.1943,0.7877
2026-06-29 17:30,ELF,103.0000,0.41,0.9662,35858149,91746152,-0.438,0.4521,0.229,0.7699
2026-06-29 18:10,AGLD,289.0000,0.42,0.6944,57468344,42822524,0.146,0.3289,0.2227,0.592
2026-06-29 20:05,RE,1091.0000,0.37,0.2726,20248117,17621805,0.0694,0.1717,0.1785,0.4672
2026-06-29 20:50,RE,1184.0000,0.49,0.1686,18686671,103896302,-0.6951,0.1913,0.3276,0.5517
2026-06-29 22:05,GWEI,366.0000,0.39,0.2743,109913270,283373626,-0.4411,0.349,0.3466,0.2945
2026-06-29 22:05,ENA,127.0000,0.42,0.7968,604906698,586356651,0.0156,0.1953,0.2156,0.8319
2026-06-30 00:00,GNO,289900.0000,0.29,1.3918,11253970,3912412,0.4841,0.4398,0.311,0.7217
2026-06-30 00:10,WNCG,7.7070,0.36,0.207,71430788,6942625,0.8228,0.8801,0.2348,0.6625
2026-06-30 00:31,GNO,327300.0000,0.40,0.3643,18334665,10031752,0.2927,0.7205,0.3442,0.4092
2026-06-30 05:25,BILL,81.1300,0.37,1.1549,21701223,31563006,-0.1851,0.2552,0.2716,0.2517
2026-06-30 05:50,UOS,5.4580,0.36,0.8054,2679083,9089104,-0.5447,0.2426,0.4303,0.6198
2026-06-30 07:40,SLX,876.0000,0.33,0.1145,63964217,170313795,-0.4539,0.5166,0.2434,0.31
2026-06-30 09:05,POWR,81.4600,0.31,0.2706,10133721,19698527,-0.3206,0.2368,0.5149,0.4753
2026-06-30 09:11,EDGE,138.0000,0.41,0.7273,43449862,76033617,-0.2727,0.1548,0.391,0.7179
2026-06-30 09:35,CSPR,3.1240,0.43,0.0317,16517235,19607425,-0.0855,0.2197,0.1057,0.4967
2026-06-30 09:39,MLK,55.6200,0.42,0.0898,9116660,7640525,0.0881,0.4284,0.4861,0.4117
2026-06-30 10:50,H,124.0000,0.36,0.8097,220102245,349938665,-0.2278,0.1316,0.1561,0.398
2026-06-30 11:35,GAS,1923.0000,0.39,0.0519,15360038,37170080,-0.4152,0.4935,0.7022,0.0961
2026-06-30 12:04,AI,57.7000,0.34,0.9928,11318760,88646759,-0.7735,0.5411,0.485,0.3789
2026-06-30 12:10,ID,54.2200,0.22,0.1657,50720371,14973596,0.5441,0.3098,0.1927,0.1581
2026-06-30 13:40,BICO,29.1300,0.41,0.454,42355906,13921822,0.5052,0.4634,0.3135,0.8681
2026-06-30 15:40,CSPR,3.1520,0.32,0.3814,11240381,5370072,0.3534,0.2566,0.4139,0.483
2026-06-30 15:50,SLX,756.0000,0.28,0.1331,99654315,86205098,0.0724,0.301,0.4468,0.0961
2026-06-30 16:00,ZRC,1.7530,0.51,0.0572,26230284,12251488,0.3633,0.6561,0.451,0.4045
2026-06-30 16:15,CSPR,4.7670,0.45,0.1061,18689917,7905084,0.4055,0.2736,0.3988,0.4158
2026-06-30 16:36,BASED,132.0000,0.33,1.5267,54485455,67815154,-0.109,0.3709,0.2344,0.7163
2026-06-30 17:00,GNO,276000.0000,0.30,1.8512,16328413,7230922,0.3862,0.6629,0.3119,0.4517
2026-06-30 17:20,TT,1.0100,0.32,0.2937,11322700,6602376,0.2633,0.2856,0.4612,1.0
2026-06-30 18:00,ZRC,1.7000,0.21,1.2199,16878764,26977913,-0.2303,0.2877,0.6664,0.7154
2026-06-30 18:05,TT,0.9985,0.32,1.284,13900016,5109853,0.4624,0.4187,0.1366,0.7527
2026-06-30 19:55,CSPR,3.3170,0.39,0.0299,19833305,16023022,0.1063,0.3164,0.1809,0.8382
2026-06-30 20:25,EDGE,113.0000,0.22,0.8889,49438240,84384448,-0.2611,0.2325,0.4579,0.5622
2026-06-30 20:30,GNO,279900.0000,0.31,0.904,10584270,13916129,-0.136,0.6376,0.3786,1.0
2026-06-30 20:40,AI,52.1100,0.40,0.3817,33209689,11367056,0.49,0.2399,0.3532,0.8479
2026-06-30 21:35,IN,200.0000,0.34,0.5013,21252905,77998182,-0.5717,0.2991,0.4414,0.7867
2026-06-30 21:45,POLA,4.3990,0.40,0.7691,24513129,34108856,-0.1637,0.6348,0.7663,0.7848
2026-06-30 22:15,IN,219.0000,0.27,0.4494,24777751,89594536,-0.5667,0.2791,0.2001,0.5743
2026-06-30 22:50,IN,237.0000,0.39,0.4193,83808993,103267997,-0.104,0.2898,0.1908,0.5566
2026-07-01 00:05,IN,336.0000,0.21,0.5952,68926924,17873763,0.5882,0.4654,0.2226,0.502
2026-07-01 00:20,TAIKO,143.0000,0.37,0.7018,74716106,49104549,0.2068,0.2047,0.2436,0.6169
2026-07-01 00:30,AHT,1.7290,0.35,1.0345,12768603,14538973,-0.0648,0.2591,0.1684,0.9247
2026-07-01 00:30,EDGE,115.0000,0.37,0.8658,84519770,45259846,0.3025,0.1487,0.2253,0.1738
2026-07-01 00:45,TOKAMAK,642.0000,0.28,0.4684,11997699,11079606,0.0398,0.416,0.4037,0.5885
2026-07-01 00:55,CAP,50.1100,0.24,0.1582,33399302,22317431,0.1989,0.1151,0.3503,0.2386
2026-07-01 02:00,GLM,176.0000,0.29,1.1494,34101718,45881686,-0.1473,0.258,0.2206,0.8399
2026-07-01 02:15,GNO,251500.0000,0.48,1.0699,8752311,2975117,0.4926,0.7187,0.5374,0.4858
2026-07-01 03:00,RE,1033.0000,0.31,0.3883,36380486,13687775,0.4532,0.4532,0.1821,0.3127
2026-07-01 04:25,AI,51.9600,0.40,0.2333,26808477,10593567,0.4335,0.2094,0.2679,0.3545
2026-07-01 09:05,LA,95.1200,0.37,0.754,18487078,12662592,0.187,0.1544,0.1939,0.7084
2026-07-01 09:15,ONG,75.3000,0.34,0.6616,25457304,16613799,0.2102,0.676,0.2045,0.7597
2026-07-01 09:25,MOC,29.4100,0.35,0.2377,15031487,15859942,-0.0268,0.4392,0.5818,0.0292
2026-07-01 09:26,POLA,4.1350,0.32,1.5157,38335511,20399576,0.3054,0.5389,0.7553,0.4716
2026-07-01 09:40,AHT,1.5560,0.39,0.0633,6936010,14748202,-0.3603,0.5628,0.3215,0.9867
2026-07-01 09:40,TAIKO,176.0000,0.37,0.5831,72719024,48058927,0.2042,0.7553,0.1947,0.4498
2026-07-01 10:10,TAIKO,186.0000,0.32,0.542,23520816,55743055,-0.4065,0.1659,0.3064,0.5071
2026-07-01 10:25,GNO,284700.0000,0.33,1.4955,23538002,20150963,0.0775,0.4332,0.2399,0.2865
2026-07-01 10:29,EDGE,120.0000,0.43,0.823,39108405,37490441,0.0211,0.1498,0.2322,0.7104
2026-07-01 11:10,EDGE,129.0000,0.34,0.7843,31747789,96175913,-0.5036,0.1713,0.3459,0.4617
2026-07-01 11:50,CSPR,2.9050,0.34,1.7011,4339648,4672013,-0.0369,0.1591,0.5982,0.827
2026-07-01 14:35,G,5.4410,0.41,0.3856,28950215,17802462,0.2384,0.4185,0.1601,0.5871
2026-07-01 15:35,TAIKO,197.0000,0.20,0.4963,32565144,87067082,-0.4556,0.2529,0.1675,0.6831
2026-07-01 15:40,EDGE,131.0000,0.32,0.7722,49227377,57492286,-0.0774,0.3032,0.1619,0.2516
2026-07-01 15:45,BASED,163.0000,0.38,0.6154,109705089,107178249,0.0117,0.5133,0.2319,0.6843
2026-07-01 19:05,TAIKO,198.0000,0.37,0.5038,33624428,93946997,-0.4729,0.3629,0.1665,0.2267
2026-07-01 19:05,GNO,281700.0000,0.37,0.035,14144082,25333564,-0.2834,0.6937,0.5913,0.6545
2026-07-01 19:25,GWEI,191.0000,0.34,1.5831,66835304,53702770,0.1089,0.3752,0.2917,0.3369
2026-07-01 19:25,FLUID,1493.0000,0.40,0.4634,15402689,8531828,0.2871,0.1711,0.3329,0.3724
2026-07-01 20:25,GNO,360900.0000,0.43,0.0557,11474392,33756736,-0.4926,0.342,0.3563,0.5169
2026-07-01 20:30,POLA,4.4840,0.30,0.7848,18292733,35495038,-0.3198,0.7899,0.4576,0.6004
2026-07-01 21:20,FLUID,1684.0000,0.34,0.0587,13565177,10072590,0.1478,0.5207,0.3241,0.7074
2026-07-01 22:00,POLA,4.5840,0.34,1.6,3526083,34061007,-0.8124,0.1873,0.5288,1.0
2026-07-01 23:20,BASED,186.0000,0.24,0.5391,112862548,87286032,0.1278,0.3891,0.2152,0.35
2026-07-02 00:04,CSPR,3.3160,0.40,0.9288,13016418,7118355,0.2929,0.3489,0.376,0.087
2026-07-02 00:40,CTR,19.1900,0.32,2.0085,18935477,29556787,-0.219,0.5205,0.252,0.5707
2026-07-02 00:45,CSPR,3.5160,0.31,0.0571,5930462,7691282,-0.1293,0.2404,0.2669,0.4678
2026-07-02 00:55,MANTA,97.0600,0.23,0.0515,41609161,23258425,0.2829,0.6072,0.3319,0.7433
2026-07-02 01:00,EDGE,123.0000,0.24,1.626,110482132,101811535,0.0408,0.1838,0.1333,0.2446
2026-07-02 01:05,AI,53.0100,0.24,0.3416,22546263,31583004,-0.1669,0.1664,0.139,0.3482
2026-07-02 01:55,IN,101.0000,0.19,0.995,45957550,257368121,-0.697,0.6065,0.1143,0.2052
2026-07-02 02:40,LIT,2833.0000,0.31,0.4007,10531668,47952260,-0.6398,0.2566,0.6011,0.5394
2026-07-02 02:50,DYDX,276.0000,0.30,0.7194,71454867,72064853,-0.0043,0.5995,0.4371,0.6762
2026-07-02 04:50,POLA,4.4290,0.27,1.9204,13690867,42864215,-0.5158,0.4635,0.3551,0.7451
2026-07-02 04:50,CSPR,3.0350,0.43,0.9934,7592883,15225737,-0.3345,0.1992,0.4981,0.3265
2026-07-02 05:59,LIT,3222.0000,0.34,0.4038,10121674,37662779,-0.5764,0.3815,0.6213,0.5463
2026-07-02 06:20,TAIKO,225.0000,0.38,0.4454,25284633,64342709,-0.4358,0.1216,0.184,0.543
2026-07-02 06:45,GNO,304200.0000,0.35,0.7853,7129245,11247864,-0.2241,0.357,0.5493,0.5739
2026-07-02 06:51,TAIKO,258.0000,0.29,1.1091,29689810,55018379,-0.299,0.4394,0.4463,0.5019
2026-07-02 07:25,POLA,4.2790,0.29,0.5159,10464506,24241818,-0.397,0.2303,0.6198,0.495
2026-07-02 07:30,GNO,344900.0000,0.28,0.619,4356928,11455726,-0.4489,0.4455,0.5285,0.3205
2026-07-02 07:55,SLX,661.0000,0.30,0.1516,38412593,96130302,-0.429,0.7893,0.2204,0.639
2026-07-02 09:05,AI,52.7500,0.25,0.0187,25291907,8584097,0.4932,0.2243,0.5169,0.914
2026-07-02 09:35,EDGE,125.0000,0.38,0.8032,27239313,88209357,-0.5281,0.1287,0.1787,0.6973
2026-07-02 11:10,BTT,0.0005,0.52,22.2222,8678413416,8242133832,0.0258,0.4216,0.256,0.9785
2026-07-02 13:35,CSPR,3.0720,0.33,0.0325,15749609,28300188,-0.2849,0.3411,0.3115,0.2443
2026-07-02 13:55,ME,102.0000,0.44,0.9852,49206586,72216457,-0.1895,0.1724,0.2449,0.4222
