time,coin,mins_since_list,price,chg24h,vol_krw
2026-06-23 08:35:36,GRAM,0,2557,4.67,65832912.064522947
2026-06-23 08:35:37,LWP,0,4.86,0.1,24569341.210013220548
2026-06-23 08:35:38,RE,0,1317,-2.3,10566117342.164161671765215202
2026-06-23 08:35:40,SPACE,0,9.84,0.11,3682389712.645617582219775193361
2026-06-23 08:35:41,SPX,0,557,3.34,333807225.126081779999992809
2026-06-23 08:35:42,VERONA,0,178,3.49,87209780.29477281
2026-06-23 08:35:42,GRAM,0,2557,4.67,65832912.064522947
2026-06-23 08:35:42,LWP,0,4.86,0.1,24569341.210013220548
2026-06-23 08:35:42,RE,0,1317,-2.3,10566117342.164161671765215202
2026-06-23 08:35:42,SPACE,0,9.84,0.11,3682389712.645617582219775193361
2026-06-23 08:35:42,SPX,0,557,3.34,333807225.126081779999992809
2026-06-23 08:35:42,VERONA,0,178,3.49,87209780.29477281
2026-06-23 12:33:11,CC,0,0,0,0
2026-06-23 12:33:11,CC,0,0,0,0
2026-06-23 12:34:11,CC,1,0,0,0
2026-06-23 12:35:11,CC,2,0,0,0
2026-06-23 12:36:11,CC,3,0,0,0
2026-06-23 12:37:12,CC,4,0,0,0
2026-06-23 12:38:12,CC,5,0,0,0
2026-06-23 12:39:12,CC,6,0,0,0
2026-06-23 12:40:13,CC,7,0,0,0
2026-06-23 12:41:13,CC,8,0,0,0
2026-06-23 12:42:13,CC,9,0,0,0
2026-06-23 12:43:13,CC,10,0,0,0
2026-06-23 12:44:14,CC,11,0,0,0
2026-06-23 12:45:14,CC,12,0,0,0
2026-06-23 12:46:14,CC,13,0,0,0
2026-06-23 12:47:14,CC,14,0,0,0
2026-06-23 12:48:14,CC,15,0,0,0
2026-06-23 12:49:14,CC,16,0,0,0
2026-06-23 12:50:14,CC,17,0,0,0
2026-06-23 12:51:15,CC,18,0,0,0
2026-06-23 12:52:15,CC,19,0,0,0
2026-06-23 12:53:15,CC,20,0,0,0
2026-06-23 12:54:15,CC,21,0,0,0
2026-06-23 12:55:15,CC,22,0,0,0
2026-06-23 12:56:15,CC,23,0,0,0
2026-06-23 12:57:15,CC,24,0,0,0
2026-06-23 12:58:16,CC,25,0,0,0
2026-06-23 12:59:16,CC,26,0,0,0
2026-06-23 13:00:16,CC,27,0,0,0
2026-06-23 13:01:16,CC,28,0,0,0
2026-06-23 13:02:16,CC,29,0,0,0
2026-06-23 13:03:16,CC,30,0,0,0
2026-06-23 13:04:16,CC,31,0,0,0
2026-06-23 13:05:17,CC,32,0,0,0
2026-06-23 13:06:17,CC,33,0,0,0
2026-06-23 13:07:17,CC,34,0,0,0
2026-06-23 13:08:17,CC,35,0,0,0
2026-06-23 13:09:17,CC,36,0,0,0
2026-06-23 13:10:17,CC,37,0,0,0
2026-06-23 13:11:17,CC,38,0,0,0
2026-06-23 13:12:18,CC,39,0,0,0
2026-06-23 13:13:18,CC,40,0,0,0
2026-06-23 13:14:18,CC,41,0,0,0
2026-06-23 13:15:18,CC,42,0,0,0
2026-06-23 13:16:18,CC,43,0,0,0
2026-06-23 13:17:18,CC,44,0,0,0
2026-06-23 13:18:18,CC,45,0,0,0
2026-06-23 13:19:19,CC,46,0,0,0
2026-06-23 13:20:19,CC,47,0,0,0
2026-06-23 13:21:19,CC,48,0,0,0
2026-06-23 13:22:19,CC,49,0,0,0
2026-06-23 13:23:19,CC,50,0,0,0
2026-06-23 13:24:19,CC,51,0,0,0
2026-06-23 13:25:19,CC,52,0,0,0
2026-06-23 13:26:19,CC,53,0,0,0
2026-06-23 13:27:20,CC,54,0,0,0
2026-06-23 13:28:20,CC,55,0,0,0
2026-06-23 13:29:20,CC,56,0,0,0
2026-06-23 13:30:20,CC,57,0,0,0
2026-06-23 13:31:20,CC,58,0,0,0
2026-06-23 13:32:20,CC,59,0,0,0
2026-06-23 13:33:20,CC,60,0,0,0
2026-06-23 13:34:21,CC,61,0,0,0
2026-06-23 13:35:21,CC,62,0,0,0
2026-06-23 13:36:21,CC,63,0,0,0
2026-06-23 13:37:21,CC,64,0,0,0
2026-06-23 13:38:21,CC,65,0,0,0
2026-06-23 13:39:22,CC,66,0,0,0
2026-06-23 13:40:22,CC,67,0,0,0
2026-06-23 13:41:22,CC,68,0,0,0
2026-06-23 13:42:22,CC,69,0,0,0
2026-06-23 13:43:22,CC,70,0,0,0
2026-06-23 13:44:23,CC,71,0,0,0
2026-06-23 13:45:23,CC,72,0,0,0
2026-06-23 13:46:23,CC,73,0,0,0
2026-06-23 13:47:23,CC,74,0,0,0
2026-06-23 13:48:23,CC,75,0,0,0
2026-06-23 13:49:23,CC,76,0,0,0
2026-06-23 13:50:23,CC,77,0,0,0
2026-06-23 13:51:24,CC,78,0,0,0
2026-06-23 13:52:24,CC,79,0,0,0
2026-06-23 13:53:24,CC,80,0,0,0
2026-06-23 13:54:24,CC,81,0,0,0
2026-06-23 13:55:24,CC,82,0,0,0
2026-06-23 13:56:24,CC,83,0,0,0
2026-06-23 13:57:25,CC,84,0,0,0
2026-06-23 13:58:25,CC,85,0,0,0
2026-06-23 13:59:25,CC,86,0,0,0
2026-06-23 14:00:25,CC,87,0,0,0
2026-06-23 14:01:25,CC,88,0,0,0
2026-06-23 14:02:25,CC,89,0,0,0
2026-06-23 14:03:26,CC,90,0,0,0
2026-06-23 14:04:26,CC,91,0,0,0
2026-06-23 14:05:26,CC,92,245,4.7,510550019.73388146
2026-06-23 14:06:26,CC,93,246,5.13,1246217265.25229945
2026-06-23 14:07:26,CC,94,250,6.84,1492315108.97557628
2026-06-23 14:08:26,CC,95,260,11.11,1699909381.39511849
2026-06-23 14:09:26,CC,96,260,11.11,1937646481.90166028
2026-06-23 14:10:27,CC,97,237,1.28,2404048274.65135036
2026-06-23 14:11:27,CC,98,236,0.85,2626696920.09492843
2026-06-23 14:12:27,CC,99,238,1.71,2781910363.42561401
2026-06-23 14:13:27,CC,100,237,1.28,2940037836.5165185
2026-06-23 14:14:27,CC,101,237,1.28,2994356131.97056
2026-06-23 14:15:27,CC,102,238,1.71,3037950431.03336336
2026-06-23 14:16:28,CC,103,237,1.28,3123230915.79261164
2026-06-23 14:17:28,CC,104,237,1.28,3149234340.06299539
2026-06-23 14:18:28,CC,105,237,1.28,3168108365.95235599
2026-06-23 14:19:28,CC,106,237,1.28,3194135237.09167404
2026-06-23 14:20:28,CC,107,236,0.85,3207308182.67582577
2026-06-23 14:21:28,CC,108,228,-2.56,3506122485.03187699
2026-06-23 14:22:28,CC,109,229,-2.14,3625071859.24394245
2026-06-23 14:23:29,CC,110,229,-2.14,3667911323.13491683
2026-06-23 14:24:29,CC,111,231,-1.28,3724991273.43096007
2026-06-23 14:25:29,CC,112,231,-1.28,3766720029.41209772
2026-06-23 14:26:29,CC,113,232,-0.85,3781794211.70655417
2026-06-23 14:27:29,CC,114,230,-1.71,3823122690.90313619
2026-06-23 14:28:29,CC,115,231,-1.28,3842564363.08468142
2026-06-23 14:29:30,CC,116,232,-0.85,3872877464.97008253
2026-06-23 14:30:30,CC,117,231,-1.28,3900236803.66631986
2026-06-23 14:31:30,CC,118,230,-1.71,3921907985.0280983
2026-06-23 14:32:30,CC,119,228,-2.56,4022729105.83449055
2026-06-23 14:33:30,CC,120,228,-2.56,4122068439.2509644
2026-06-23 14:34:30,CC,121,228,-2.56,4147869205.53986288
2026-06-23 14:35:31,CC,122,227,-2.99,4196303188.48988201
2026-06-23 14:36:31,CC,123,228,-2.56,4220070641.29894864
2026-06-23 14:37:31,CC,124,226,-3.42,4268108483.45910977
2026-06-23 14:38:31,CC,125,227,-2.99,4295529616.19901711
2026-06-23 14:39:31,CC,126,228,-2.56,4306543732.28130647
2026-06-23 14:40:32,CC,127,226,-3.42,4317942145.87137275
2026-06-23 14:41:32,CC,128,226,-3.42,4332761636.30768665
2026-06-23 14:42:32,CC,129,225,-3.85,4366513602.63507759
2026-06-23 14:43:32,CC,130,225,-3.85,4379612907.25316931
2026-06-23 14:44:32,CC,131,226,-3.42,4388000806.98121393
2026-06-23 14:45:32,CC,132,225,-3.85,4415879342.23143408
2026-06-23 14:46:33,CC,133,227,-2.99,4438083652.77002099
2026-06-23 14:47:33,CC,134,227,-2.99,4460712806.68643427
2026-06-23 14:48:33,CC,135,227,-2.99,4467198909.32272433
2026-06-23 14:49:33,CC,136,226,-3.42,4475098807.86421519
2026-06-23 14:50:33,CC,137,225,-3.85,4485211152.18348239
2026-06-23 14:51:33,CC,138,225,-3.85,4502734785.55430133
2026-06-23 14:52:34,CC,139,224,-4.27,4512766290.81256671
2026-06-23 14:53:34,CC,140,224,-4.27,4523140683.48919627
2026-06-23 14:54:34,CC,141,224,-4.27,4564047458.4970632
2026-06-23 14:55:34,CC,142,225,-3.85,4570452596.62518063
2026-06-23 14:56:34,CC,143,224,-4.27,4594666117.43771033
2026-06-23 14:57:34,CC,144,224,-4.27,4598613050.52850332
2026-06-23 14:58:34,CC,145,224,-4.27,4602754818.92783072
2026-06-23 14:59:35,CC,146,224,-4.27,4610919724.28682801
2026-06-23 15:00:35,CC,147,224,-4.27,4623221131.31572184
2026-06-23 15:01:35,CC,148,225,-3.85,4636999649.35714887
2026-06-23 15:02:35,CC,149,225,-3.85,4650923222.89700913
2026-06-23 15:03:35,CC,150,223,-4.7,4680545822.50036317
2026-06-23 15:04:35,CC,151,222,-5.13,4710155430.62881997
2026-06-23 15:05:35,CC,152,221,-5.56,4745370928.98191997
2026-06-23 15:06:36,CC,153,222,-5.13,4776145890.84573597
2026-06-23 15:07:36,CC,154,222,-5.13,4807847135.44817968
2026-06-23 15:08:36,CC,155,222,-5.13,4817516686.27813385
2026-06-23 15:09:36,CC,156,222,-5.13,4836937260.40036959
2026-06-23 15:10:36,CC,157,222,-5.13,4857710784.27960897
2026-06-23 15:11:36,CC,158,222,-5.13,4870017624.7390996
2026-06-23 15:12:37,CC,159,223,-4.7,4876448279.2388243
2026-06-23 15:13:37,CC,160,223,-4.7,4880115043.03432289
2026-06-23 15:14:37,CC,161,222,-5.13,4887072558.30073099
2026-06-23 15:15:37,CC,162,222,-5.13,4892646950.34895642
2026-06-23 15:16:37,CC,163,223,-4.7,4894164253.78699196
2026-06-23 15:17:37,CC,164,222,-5.13,4896742512.44174897
2026-06-23 15:18:37,CC,165,222,-5.13,4899402847.1315135
2026-06-23 15:19:38,CC,166,221,-5.56,5017465619.69319741
2026-06-23 15:20:38,CC,167,220,-5.98,5056545439.33970492
2026-06-23 15:21:38,CC,168,219,-6.41,5069310157.47509172
2026-06-23 15:22:38,CC,169,218,-6.84,5108475529.25188317
2026-06-23 15:23:38,CC,170,218,-6.84,5155114686.82980175
2026-06-23 15:24:38,CC,171,217,-7.26,5176697629.42390457
2026-06-23 15:25:38,CC,172,218,-6.84,5191896337.70685628
2026-06-23 15:26:39,CC,173,220,-5.98,5210627363.45028625
2026-06-23 15:27:39,CC,174,219,-6.41,5217155613.42775387
2026-06-23 15:28:39,CC,175,219,-6.41,5222067033.87012676
2026-06-23 15:29:39,CC,176,218,-6.84,5232911292.04172837
2026-06-23 15:30:39,CC,177,219,-6.41,5250806144.80833973
2026-06-23 15:31:39,CC,178,218,-6.84,5254395507.97657985
2026-06-23 15:32:39,CC,179,219,-6.41,5259192362.96232896
2026-06-23 15:33:40,CC,180,220,-5.98,5268854306.47116168
2026-06-23 15:34:40,CC,181,219,-6.41,5278963786.87488288
2026-06-23 15:35:40,CC,183,221,-5.56,5287293782.18223806
2026-06-23 15:36:40,CC,184,221,-5.56,5296555745.16793738
2026-06-23 15:37:40,CC,185,222,-5.13,5301719042.0867539
2026-06-23 15:38:40,CC,186,223,-4.7,5316096765.09535895
2026-06-23 15:39:40,CC,187,224,-4.27,5352827088.22461093
2026-06-23 15:40:41,CC,188,224,-4.27,5368354919.55515933
2026-06-23 15:41:41,CC,189,224,-4.27,5373170612.25283844
2026-06-23 15:42:41,CC,190,224,-4.27,5385027249.43111699
2026-06-23 15:43:41,CC,191,223,-4.7,5393467881.75045157
2026-06-23 15:44:42,CC,192,224,-4.27,5406570655.36969715
2026-06-23 15:45:42,CC,193,225,-3.85,5418929547.54941398
2026-06-23 15:46:42,CC,194,224,-4.27,5423816399.65477845
2026-06-23 15:47:42,CC,195,225,-3.85,5426451174.21216045
2026-06-23 15:48:42,CC,196,225,-3.85,5431871600.0849754
2026-06-23 15:49:42,CC,197,226,-3.42,5449585872.6327805
2026-06-23 15:50:42,CC,198,226,-3.42,5464551250.93879127
2026-06-23 15:51:43,CC,199,225,-3.85,5475454699.01326424
2026-06-23 15:52:43,CC,200,225,-3.85,5483013773.81620771
2026-06-23 15:53:43,CC,201,224,-4.27,5488708594.76612636
2026-06-23 15:54:43,CC,202,224,-4.27,5494163365.25016989
2026-06-23 15:55:43,CC,203,221,-5.56,5522011310.19499854
2026-06-23 15:56:43,CC,204,221,-5.56,5539974813.57405537
2026-06-23 15:57:43,CC,205,219,-6.41,5547908507.03132338
2026-06-23 15:58:43,CC,206,220,-5.98,5557305790.80915936
2026-06-23 15:59:44,CC,207,220,-5.98,5562942068.05316038
2026-06-23 16:00:44,CC,208,221,-5.56,5567603844.986523768
2026-06-23 16:01:44,CC,209,220,-5.98,5583198785.790473338
2026-06-23 16:02:44,CC,210,221,-5.56,5583833657.997103102
2026-06-23 16:03:44,CC,211,221,-5.56,5584919796.8699206551
2026-06-23 16:04:44,CC,212,223,-4.7,5588889084.0002529099
2026-06-23 16:05:44,CC,213,222,-5.13,5594062312.9096959758
2026-06-23 16:06:45,CC,214,223,-4.7,5602603690.7439635191
2026-06-23 16:07:45,CC,215,223,-4.7,5602618783.7713947991
2026-06-23 16:08:45,CC,216,223,-4.7,5605461068.2003208091
2026-06-23 16:09:45,CC,217,223,-4.7,5609720170.8862125551
2026-06-23 16:10:45,CC,218,223,-4.7,5612207450.4966287736
2026-06-23 16:11:45,CC,219,223,-4.7,5632319894.0150623636
2026-06-23 16:12:46,CC,220,224,-4.27,5637457396.4589466436
2026-06-23 16:13:46,CC,221,224,-4.27,5639171635.8604416836
2026-06-23 16:14:46,CC,222,224,-4.27,5639185021.0973472836
2026-06-23 16:15:46,CC,223,224,-4.27,5641527356.096613638
2026-06-23 16:16:46,CC,224,224,-4.27,5641532519.787386438
2026-06-23 16:17:46,CC,225,223,-4.7,5644310811.977330788
2026-06-23 16:18:46,CC,226,224,-4.27,5651330984.880900628
2026-06-23 16:19:47,CC,227,224,-4.27,5653810479.905837198
2026-06-23 16:20:47,CC,228,225,-3.85,5657446669.497675918
2026-06-23 16:21:47,CC,229,225,-3.85,5658849990.8143821555
2026-06-23 16:22:47,CC,230,225,-3.85,5659899437.1785874855
2026-06-23 16:23:47,CC,231,225,-3.85,5695332841.6566239843
2026-06-23 16:24:47,CC,232,226,-3.42,5710291485.3408573799
2026-06-23 16:25:47,CC,233,225,-3.85,5721234796.8532763895
2026-06-23 16:26:48,CC,234,225,-3.85,5729917679.9826163895
2026-06-23 16:27:48,CC,235,225,-3.85,5748743077.0760180395
2026-06-23 16:28:48,CC,236,225,-3.85,5757173839.0086162895
2026-06-23 16:29:48,CC,237,225,-3.85,5770340462.9285929023
2026-06-23 16:30:48,CC,238,226,-3.42,5771816807.5669964571
2026-06-23 16:31:48,CC,239,225,-3.85,5776229478.1382291107
2026-06-23 16:32:48,CC,240,225,-3.85,5776583151.0804243607
2026-06-23 16:33:49,CC,241,225,-3.85,5778557913.5135853607
2026-06-23 16:34:49,CC,242,225,-3.85,5781621691.9207645957
2026-06-23 16:35:49,CC,243,225,-3.85,5784271961.0097673399
2026-06-23 16:36:49,CC,244,226,-3.42,5784281961.0097673355
2026-06-23 16:37:49,CC,245,226,-3.42,5791715497.4935566355
2026-06-23 16:38:49,CC,246,226,-3.42,5805734273.8850711177
2026-06-23 16:39:49,CC,247,226,-3.42,5814003354.1643634166
2026-06-23 16:40:50,CC,248,226,-3.42,5829905870.4268489878
2026-06-23 16:41:50,CC,249,225,-3.85,5842527531.1199109603
2026-06-23 16:42:50,CC,250,225,-3.85,5859353844.8892911103
2026-06-23 16:43:50,CC,251,225,-3.85,5862614482.0416749578
2026-06-23 16:44:51,CC,252,224,-4.27,5872337792.8327685578
2026-06-23 16:45:51,CC,253,224,-4.27,5873452017.7704203978
2026-06-23 16:46:51,CC,254,224,-4.27,5878507887.786494215
2026-06-23 16:47:51,CC,255,223,-4.7,5879558976.195469745
2026-06-23 16:48:51,CC,256,223,-4.7,5879736088.612322115
2026-06-23 16:49:51,CC,257,221,-5.56,5885539240.263844365
2026-06-23 16:50:52,CC,258,221,-5.56,5893317198.057914415
2026-06-23 16:51:52,CC,259,222,-5.13,5897315217.4665856616
2026-06-26 15:50:13,ARX,0,0,0,0
2026-06-26 15:50:13,ARX,0,0,0,0
2026-06-26 15:51:13,ARX,1,0,0,0
2026-06-26 15:52:14,ARX,2,0,0,0
2026-06-26 15:53:14,ARX,3,0,0,0
2026-06-26 15:54:14,ARX,4,0,0,0
2026-06-26 15:55:14,ARX,5,0,0,0
2026-06-26 15:56:14,ARX,6,0,0,0
2026-06-26 15:57:15,ARX,7,0,0,0
2026-06-26 15:58:15,ARX,8,0,0,0
2026-06-26 15:59:15,ARX,9,0,0,0
2026-06-26 16:00:15,ARX,10,0,0,0
2026-06-26 16:01:16,ARX,11,0,0,0
2026-06-26 16:02:16,ARX,12,0,0,0
2026-06-26 16:03:16,ARX,13,0,0,0
2026-06-26 16:04:16,ARX,14,0,0,0
2026-06-26 16:05:17,ARX,15,0,0,0
2026-06-26 16:06:17,ARX,16,0,0,0
2026-06-26 16:07:17,ARX,17,0,0,0
2026-06-26 16:08:17,ARX,18,0,0,0
2026-06-26 16:09:17,ARX,19,0,0,0
2026-06-26 16:10:18,ARX,20,0,0,0
2026-06-26 16:11:18,ARX,21,0,0,0
2026-06-26 16:12:18,ARX,22,0,0,0
2026-06-26 16:13:18,ARX,23,0,0,0
2026-06-26 16:14:18,ARX,24,0,0,0
2026-06-26 16:15:19,ARX,25,0,0,0
2026-06-26 16:16:19,ARX,26,0,0,0
2026-06-26 16:17:19,ARX,27,0,0,0
2026-06-26 16:18:19,ARX,28,0,0,0
2026-06-26 16:19:20,ARX,29,0,0,0
2026-06-26 16:20:20,ARX,30,0,0,0
2026-06-26 16:21:20,ARX,31,0,0,0
2026-06-26 16:22:20,ARX,32,0,0,0
2026-06-26 16:23:20,ARX,33,0,0,0
2026-06-26 16:24:21,ARX,34,0,0,0
2026-06-26 16:25:21,ARX,35,0,0,0
2026-06-26 16:26:21,ARX,36,0,0,0
2026-06-26 16:27:21,ARX,37,0,0,0
2026-06-26 16:28:22,ARX,38,0,0,0
2026-06-26 16:29:22,ARX,39,0,0,0
2026-06-26 16:30:22,ARX,40,0,0,0
2026-06-26 16:31:22,ARX,41,0,0,0
2026-06-26 16:32:23,ARX,42,0,0,0
2026-06-26 16:33:23,ARX,43,0,0,0
2026-06-26 16:34:23,ARX,44,0,0,0
2026-06-26 16:35:23,ARX,45,0,0,0
2026-06-26 16:36:24,ARX,46,0,0,0
2026-06-26 16:37:24,ARX,47,0,0,0
2026-06-26 16:38:24,ARX,48,0,0,0
2026-06-26 16:39:25,ARX,49,0,0,0
2026-06-26 16:40:25,ARX,50,0,0,0
2026-06-26 16:41:25,ARX,51,0,0,0
2026-06-26 16:42:25,ARX,52,0,0,0
2026-06-26 16:43:26,ARX,53,0,0,0
2026-06-26 16:44:26,ARX,54,0,0,0
2026-06-26 16:45:26,ARX,55,0,0,0
2026-06-26 16:46:27,ARX,56,0,0,0
2026-06-26 16:47:27,ARX,57,0,0,0
2026-06-26 16:48:27,ARX,58,0,0,0
2026-06-26 16:49:28,ARX,59,0,0,0
2026-06-26 16:50:28,ARX,60,0,0,0
2026-06-26 16:51:28,ARX,61,0,0,0
2026-06-26 16:52:28,ARX,62,0,0,0
2026-06-26 16:53:28,ARX,63,0,0,0
2026-06-26 16:54:29,ARX,64,0,0,0
2026-06-26 16:55:29,ARX,65,0,0,0
2026-06-26 16:56:29,ARX,66,0,0,0
2026-06-26 16:57:29,ARX,67,0,0,0
2026-06-26 16:58:30,ARX,68,0,0,0
2026-06-26 16:59:30,ARX,69,0,0,0
2026-06-26 17:00:30,ARX,70,0,0,0
2026-06-26 17:01:30,ARX,71,0,0,0
2026-06-26 17:02:31,ARX,72,0,0,0
2026-06-26 17:03:31,ARX,73,0,0,0
2026-06-26 17:04:31,ARX,74,0,0,0
2026-06-26 17:05:31,ARX,75,0,0,0
2026-06-26 17:06:31,ARX,76,0,0,0
2026-06-26 17:07:32,ARX,77,0,0,0
2026-06-26 17:08:32,ARX,78,0,0,0
2026-06-26 17:09:32,ARX,79,0,0,0
2026-06-26 17:10:32,ARX,80,0,0,0
2026-06-26 17:11:32,ARX,81,0,0,0
2026-06-26 17:12:33,ARX,82,0,0,0
2026-06-26 17:13:33,ARX,83,0,0,0
2026-06-26 17:14:33,ARX,84,0,0,0
2026-06-26 17:15:33,ARX,85,0,0,0
2026-06-26 17:16:33,ARX,86,0,0,0
2026-06-26 17:17:34,ARX,87,0,0,0
2026-06-26 17:18:34,ARX,88,0,0,0
2026-06-26 17:19:34,ARX,89,0,0,0
2026-06-26 17:20:34,ARX,90,0,0,0
2026-06-26 17:21:34,ARX,91,0,0,0
2026-06-26 17:22:35,ARX,92,0,0,0
2026-06-26 17:23:35,ARX,93,0,0,0
2026-06-26 17:24:35,ARX,94,0,0,0
2026-06-26 17:25:35,ARX,95,0,0,0
2026-06-26 17:26:35,ARX,96,0,0,0
2026-06-26 17:27:36,ARX,97,0,0,0
2026-06-26 17:28:36,ARX,98,0,0,0
2026-06-26 17:29:36,ARX,99,0,0,0
2026-06-26 17:30:36,ARX,100,0,0,0
2026-06-26 17:31:36,ARX,102,0,0,0
2026-06-26 17:32:37,ARX,103,0,0,0
2026-06-26 17:33:37,ARX,104,0,0,0
2026-06-26 17:34:37,ARX,105,0,0,0
2026-06-26 17:35:37,ARX,106,0,0,0
2026-06-26 17:36:38,ARX,107,0,0,0
2026-06-26 17:37:38,ARX,108,0,0,0
2026-06-26 17:38:38,ARX,109,0,0,0
2026-06-26 17:39:38,ARX,110,0,0,0
2026-06-26 17:40:38,ARX,111,0,0,0
2026-06-26 17:41:39,ARX,112,0,0,0
2026-06-26 17:42:39,ARX,113,0,0,0
2026-06-26 17:43:39,ARX,114,0,0,0
2026-06-26 17:44:39,ARX,115,0,0,0
2026-06-26 17:45:40,ARX,116,0,0,0
2026-06-26 17:46:40,ARX,117,0,0,0
2026-06-26 17:47:41,ARX,118,0,0,0
2026-06-26 17:48:41,ARX,119,0,0,0
2026-06-26 17:49:42,ARX,120,0,0,0
2026-06-26 17:50:42,ARX,121,0,0,0
2026-06-26 17:51:42,ARX,122,0,0,0
2026-06-26 17:52:42,ARX,123,0,0,0
2026-06-26 17:53:42,ARX,124,0,0,0
2026-06-26 17:54:43,ARX,125,0,0,0
2026-06-26 17:55:43,ARX,126,0,0,0
2026-06-26 17:56:43,ARX,127,0,0,0
2026-06-26 17:57:44,ARX,128,0,0,0
2026-06-26 17:58:44,ARX,129,0,0,0
2026-06-26 17:59:44,ARX,130,0,0,0
2026-06-26 18:00:44,ARX,131,0,0,0
2026-06-26 18:01:44,ARX,132,0,0,0
2026-06-26 18:02:45,ARX,133,0,0,0
2026-06-26 18:03:45,ARX,134,0,0,0
2026-06-26 18:04:45,ARX,135,0,0,0
2026-06-26 18:05:45,ARX,136,419,3.46,433689810.01678567
2026-06-26 18:06:46,ARX,137,415,2.47,799019178.82387609
2026-06-26 18:07:46,ARX,138,416,2.72,928884514.19607241
2026-06-26 18:08:46,ARX,139,417,2.96,998074149.40989442
2026-06-26 18:09:46,ARX,140,414,2.22,1048063167.66564598
2026-06-26 18:10:46,ARX,141,413,1.98,1108181428.24166947
2026-06-26 18:11:47,ARX,142,417,2.96,1215496955.23989901
2026-06-26 18:12:47,ARX,143,420,3.7,1333601166.4895702
2026-06-26 18:13:47,ARX,144,421,3.95,1415917797.77310702
2026-06-26 18:14:47,ARX,145,424,4.69,1537659458.61328903
2026-06-26 18:15:48,ARX,146,425,4.94,1630581959.20909271
2026-06-26 18:16:48,ARX,147,427,5.43,1712151230.12599151
2026-06-26 18:17:48,ARX,148,435,7.41,1876788014.86810625
2026-06-26 18:18:48,ARX,149,442,9.14,2093991496.05653842
2026-06-26 18:19:49,ARX,150,436,7.65,2285787679.57839706
2026-06-26 18:20:49,ARX,151,427,5.43,2386164067.78406493
2026-06-26 18:21:49,ARX,152,421,3.95,2593501478.33116382
2026-06-26 18:22:49,ARX,153,426,5.19,2646970060.95153766
2026-06-26 18:23:50,ARX,154,423,4.44,2682886849.82566828
2026-06-26 18:24:50,ARX,155,420,3.7,2723495373.39314057
2026-06-26 18:25:50,ARX,156,420,3.7,2745670051.75430505
2026-06-26 18:26:50,ARX,157,420,3.7,2773121097.43433009
2026-06-26 18:27:50,ARX,158,417,2.96,2813388597.18693522
2026-06-26 18:28:51,ARX,159,421,3.95,2831696940.78250457
2026-06-26 18:29:51,ARX,160,418,3.21,2916676284.52479013
2026-06-26 18:30:51,ARX,161,417,2.96,2934508536.26860737
2026-06-26 18:31:51,ARX,162,418,3.21,2971906426.19657125
2026-06-26 18:32:51,ARX,163,416,2.72,2975945307.78560176
2026-06-26 18:33:52,ARX,164,414,2.22,3049600457.1346538
2026-06-26 18:34:52,ARX,165,409,0.99,3137863889.58266386
2026-06-26 18:35:52,ARX,166,411,1.48,3189094930.22769701
2026-06-26 18:36:52,ARX,167,411,1.48,3202681778.00991989
2026-06-26 18:37:53,ARX,168,410,1.23,3227632058.20013721
2026-06-26 18:38:53,ARX,169,411,1.48,3251993001.49863122
2026-06-26 18:39:53,ARX,170,412,1.73,3269487601.58969827
2026-06-26 18:40:53,ARX,171,410,1.23,3294979239.99766313
2026-06-26 18:41:53,ARX,172,409,0.99,3308083235.42699086
2026-06-26 18:42:54,ARX,173,410,1.23,3321161343.31115196
2026-06-26 18:43:54,ARX,174,410,1.23,3333919537.22270751
2026-06-26 18:44:54,ARX,175,410,1.23,3350593578.00317844
2026-06-26 18:45:55,ARX,176,409,0.99,3367193389.9476882
2026-06-26 18:46:56,ARX,177,407,0.49,3417695230.07909359
2026-06-26 18:47:56,ARX,178,403,-0.49,3455669699.84546635
2026-06-26 18:48:56,ARX,179,401,-0.99,3571411859.69173129
2026-06-26 18:49:57,ARX,180,402,-0.74,3611826389.19385266
2026-06-26 18:50:57,ARX,181,401,-0.99,3655226770.19198573
2026-06-26 18:51:57,ARX,182,400,-1.23,3668322427.88485331
2026-06-26 18:52:57,ARX,183,399,-1.48,3681216448.64588958
2026-06-26 18:53:57,ARX,184,398,-1.73,3714738891.9432599
2026-06-26 18:54:58,ARX,185,397,-1.98,3787307287.39272381
2026-06-26 18:55:58,ARX,186,399,-1.48,3821154359.84559195
2026-06-26 18:56:58,ARX,187,398,-1.73,3843570834.99961339
2026-06-26 18:57:58,ARX,188,397,-1.98,3853140355.46163372
2026-06-26 18:58:59,ARX,189,397,-1.98,3865182683.01530872
2026-06-26 18:59:59,ARX,190,395,-2.47,3880080756.29297152
2026-06-26 19:00:59,ARX,191,396,-2.22,3928107979.98754784
2026-06-26 19:01:59,ARX,192,397,-1.98,3936061842.68748788
2026-06-26 19:03:00,ARX,193,396,-2.22,3947334852.23164783
2026-06-26 19:04:00,ARX,194,397,-1.98,3949765691.14843501
2026-06-26 19:05:00,ARX,195,397,-1.98,3955737585.03640902
2026-06-26 19:06:00,ARX,196,396,-2.22,3972139906.67454144
2026-06-26 19:07:01,ARX,197,394,-2.72,3983312836.1002772
2026-06-26 19:08:01,ARX,198,390,-3.7,4122062609.52636092
2026-06-26 19:09:01,ARX,199,391,-3.46,4152219054.60212103
2026-06-26 19:10:02,ARX,200,386,-4.69,4181009938.60092664
2026-06-26 19:11:02,ARX,201,388,-4.2,4220559871.67364438
2026-06-26 19:12:02,ARX,202,390,-3.7,4237175375.33457184
2026-06-26 19:13:02,ARX,203,390,-3.7,4250992742.30494375
2026-06-26 19:14:02,ARX,204,390,-3.7,4272728528.26096067
2026-06-26 19:15:03,ARX,205,389,-3.95,4301726958.41159746
2026-06-26 19:16:03,ARX,206,389,-3.95,4317322815.4811169
2026-06-26 19:17:03,ARX,207,389,-3.95,4331701954.90530411
2026-06-26 19:18:03,ARX,208,388,-4.2,4340215256.97897337
2026-06-26 19:19:03,ARX,209,389,-3.95,4347846673.0532669
2026-06-26 19:20:04,ARX,210,386,-4.69,4360368733.14098419
2026-06-26 19:21:04,ARX,211,386,-4.69,4366466614.92653378
2026-06-26 19:22:04,ARX,212,386,-4.69,4371185792.09551614
2026-06-26 19:23:04,ARX,213,388,-4.2,4373933786.73037137
2026-06-26 19:24:05,ARX,214,388,-4.2,4375006437.08654791
2026-06-26 19:25:05,ARX,215,388,-4.2,4386317990.3312778
2026-06-26 19:26:05,ARX,216,387,-4.44,4393074107.47734284
2026-06-26 19:27:05,ARX,217,382,-5.68,4433976900.16180569
2026-06-26 19:28:05,ARX,218,384,-5.19,4440803825.24043058
2026-06-26 19:29:06,ARX,219,384,-5.19,4454132343.31958504
2026-06-26 19:30:06,ARX,220,385,-4.94,4474690185.94738052
2026-06-26 19:31:06,ARX,221,385,-4.94,4478512360.7177093
2026-06-26 19:32:06,ARX,222,384,-5.19,4483718878.21528426
2026-06-26 19:33:07,ARX,223,386,-4.69,4488059651.96318889
2026-06-26 19:34:07,ARX,224,387,-4.44,4496115224.75379861
2026-06-26 19:35:07,ARX,225,387,-4.44,4518807324.5044191
2026-06-26 19:36:07,ARX,226,388,-4.2,4523036693.55196742
2026-06-26 19:37:08,ARX,227,388,-4.2,4551294641.90868754
2026-06-26 19:38:08,ARX,228,387,-4.44,4561813285.89444608
2026-06-26 19:39:08,ARX,229,388,-4.2,4564293042.31176758
2026-06-26 19:40:08,ARX,230,386,-4.69,4565080766.80813199
2026-06-26 19:41:08,ARX,231,387,-4.44,4566899113.9213277
2026-06-26 19:42:09,ARX,232,385,-4.94,4591419383.96035082
2026-06-26 19:43:09,ARX,233,386,-4.69,4597858067.74010693
2026-06-26 19:44:09,ARX,234,384,-5.19,4605853449.60103851
2026-06-26 19:45:09,ARX,235,386,-4.69,4608887781.33794333
2026-06-26 19:46:09,ARX,236,386,-4.69,4617388919.629203
2026-06-26 19:47:10,ARX,237,387,-4.44,4621555855.1291682
2026-06-26 19:48:11,ARX,238,386,-4.69,4624084158.1056426
2026-06-26 19:49:11,ARX,239,386,-4.69,4625939928.68315199
2026-06-26 19:50:11,ARX,240,386,-4.69,4628920607.54716861
2026-06-26 19:51:11,ARX,241,388,-4.2,4635095440.36604617
2026-06-26 19:52:11,ARX,242,388,-4.2,4638537790.57529293
2026-06-26 19:53:11,ARX,243,388,-4.2,4643367865.17418765
2026-06-26 19:54:12,ARX,244,388,-4.2,4645488183.08377897
2026-06-26 19:55:12,ARX,245,388,-4.2,4662258738.76636301
2026-06-26 19:56:12,ARX,246,386,-4.69,4665663849.62540378
2026-06-26 19:57:12,ARX,247,386,-4.69,4675379806.48994734
2026-06-26 19:58:12,ARX,248,386,-4.69,4685766236.53430456
2026-06-26 19:59:13,ARX,249,386,-4.69,4691720920.33827622
2026-06-26 20:00:13,ARX,250,386,-4.69,4693983102.35480868
2026-06-26 20:01:13,ARX,251,386,-4.69,4698639667.03639992
2026-06-26 20:02:13,ARX,252,387,-4.44,4704519519.600307546
2026-06-26 20:03:14,ARX,253,387,-4.44,4705191999.266545784
2026-06-26 20:04:14,ARX,254,389,-3.95,4749173279.235000694
2026-06-26 20:05:14,ARX,255,389,-3.95,4758403951.005562104
2026-06-26 20:06:14,ARX,256,388,-4.2,4781088301.011412684
2026-06-26 20:07:14,ARX,257,390,-3.7,4790615148.945092484
2026-06-26 20:08:15,ARX,258,389,-3.95,4792330072.351080834
2026-06-26 20:09:15,ARX,259,389,-3.95,4798667248.304474134
2026-06-26 20:10:15,ARX,260,389,-3.95,4808904222.77194812
2026-06-26 20:11:15,ARX,261,386,-4.69,4821051521.9952923
2026-06-26 20:12:15,ARX,262,388,-4.2,4830426290.65982872
2026-06-26 20:13:16,ARX,263,387,-4.44,4835507354.07171861
2026-06-26 20:14:16,ARX,264,386,-4.69,4840384647.12133557
2026-06-26 20:15:16,ARX,265,387,-4.44,4840712929.310475344
2026-06-26 20:16:16,ARX,266,387,-4.44,4842679439.790194624
2026-06-26 20:17:16,ARX,267,388,-4.2,4846928213.516870024
2026-06-26 20:18:17,ARX,268,389,-3.95,4849371921.749257974
2026-06-26 20:19:17,ARX,269,390,-3.7,4853454856.706517934
2026-06-26 20:20:17,ARX,270,391,-3.46,4856326324.701402648
2026-06-26 20:21:17,ARX,271,392,-3.21,4860682441.969332974
2026-06-26 20:22:17,ARX,272,392,-3.21,4873317635.428499124
2026-06-26 20:23:18,ARX,273,394,-2.72,4880066489.917527254
2026-06-26 20:24:18,ARX,274,398,-1.73,4905010702.760918268
2026-06-26 20:25:18,ARX,275,396,-2.22,4915440211.856940768
2026-06-26 20:26:18,ARX,276,398,-1.73,4926083268.223601548
2026-06-26 20:27:18,ARX,277,398,-1.73,4937954176.544503703
2026-06-26 20:28:19,ARX,278,395,-2.47,4949087448.759754543
2026-06-26 20:29:19,ARX,279,394,-2.72,4965796942.786394508
2026-06-26 20:30:19,ARX,280,394,-2.72,4969961083.872429888
2026-06-26 20:31:19,ARX,281,395,-2.47,4977332700.025722758
2026-06-26 20:32:19,ARX,282,398,-1.73,4984775274.999832688
2026-06-26 20:33:20,ARX,283,399,-1.48,4988641604.834425538
2026-06-26 20:34:20,ARX,284,399,-1.48,4994322080.073509928
2026-06-26 20:35:20,ARX,285,399,-1.48,4999008511.731833238
2026-06-26 20:36:20,ARX,286,401,-0.99,5014306214.753790303
2026-06-26 20:37:21,ARX,287,401,-0.99,5039131777.098939403
2026-06-26 20:38:21,ARX,288,402,-0.74,5079216059.415795883
2026-06-26 20:39:21,ARX,289,403,-0.49,5132460384.418947819
2026-06-26 20:40:21,ARX,290,401,-0.99,5157128064.825406261
2026-06-26 20:41:21,ARX,291,399,-1.48,5168865574.224705651
2026-06-26 20:42:22,ARX,292,400,-1.23,5199729229.020943441
2026-06-26 20:43:22,ARX,293,400,-1.23,5208106435.955193961
2026-06-26 20:44:23,ARX,294,400,-1.23,5210103677.328883935
2026-06-26 20:45:23,ARX,295,401,-0.99,5214726991.079095305
2026-06-26 20:46:24,ARX,296,400,-1.23,5222812428.127539335
2026-06-26 20:47:25,ARX,297,402,-0.74,5225056607.443297635
2026-06-26 20:48:25,ARX,298,402,-0.74,5226245334.931521025
2026-06-26 20:49:25,ARX,299,401,-0.99,5235921130.654514075
2026-06-26 20:50:25,ARX,300,400,-1.23,5242556972.405673665
2026-06-26 20:51:26,ARX,301,398,-1.73,5255889931.754651542
2026-06-26 20:52:26,ARX,302,399,-1.48,5283235470.165157262
2026-06-26 20:53:26,ARX,303,399,-1.48,5286690699.559488182
2026-06-26 20:54:26,ARX,304,398,-1.73,5295636954.036442282
2026-06-26 20:55:27,ARX,305,399,-1.48,5300511789.861933672
2026-06-26 20:56:27,ARX,306,399,-1.48,5304526599.364738962
2026-06-26 20:57:27,ARX,307,400,-1.23,5305406373.685178682
2026-06-26 20:58:27,ARX,308,398,-1.73,5318542611.003190512
2026-06-26 20:59:27,ARX,309,398,-1.73,5329141026.113675372
2026-06-26 21:00:28,ARX,310,398,-1.73,5330084568.008931752
2026-06-26 21:01:28,ARX,311,399,-1.48,5332352102.737130402
2026-06-26 21:02:28,ARX,312,399,-1.48,5332797582.873201302
2026-06-26 21:03:29,ARX,313,399,-1.48,5336170013.577451802
2026-06-26 21:04:29,ARX,314,399,-1.48,5337411976.855808948
2026-06-26 21:05:29,ARX,315,398,-1.73,5365431269.004982758
2026-06-26 21:06:29,ARX,316,398,-1.73,5368642989.499304598
2026-06-26 21:07:30,ARX,317,397,-1.98,5375004437.046863288
2026-06-26 21:08:30,ARX,318,397,-1.98,5380107217.428044988
2026-06-26 21:09:30,ARX,319,397,-1.98,5392031924.646540348
2026-06-26 21:10:31,ARX,320,397,-1.98,5398226299.810851848
2026-06-26 21:11:31,ARX,321,396,-2.22,5403342289.347061928
2026-06-26 21:12:32,ARX,322,397,-1.98,5409641636.440634368
2026-06-26 21:13:32,ARX,323,386,-4.69,5475719907.629442458
2026-06-26 21:14:32,ARX,324,385,-4.94,5527018595.818897568
2026-06-26 21:15:32,ARX,325,384,-5.19,5563586429.992636428
2026-06-26 21:16:33,ARX,326,379,-6.42,5614090164.957813608
2026-06-26 21:17:33,ARX,327,380,-6.17,5636938585.132295738
2026-06-26 21:18:33,ARX,328,381,-5.93,5646206150.468636154
2026-06-26 21:19:33,ARX,329,381,-5.93,5654461389.754887324
2026-06-26 21:20:33,ARX,330,381,-5.93,5668843248.852061674
2026-06-26 21:21:34,ARX,331,383,-5.43,5678992908.201782876
2026-06-26 21:22:34,ARX,332,382,-5.68,5684424815.786512386
2026-06-26 21:23:34,ARX,333,382,-5.68,5699877721.666956522
2026-06-26 21:24:34,ARX,334,382,-5.68,5703744995.578583616
2026-06-26 21:25:35,ARX,335,380,-6.17,5708126944.572107776
2026-06-26 21:26:35,ARX,336,381,-5.93,5726416556.73190411
2026-06-26 21:27:35,ARX,337,383,-5.43,5734666603.23660769
2026-06-26 21:28:35,ARX,338,383,-5.43,5736051445.22164041
2026-06-26 21:29:36,ARX,339,384,-5.19,5738574444.09498826
2026-06-26 21:30:36,ARX,340,385,-4.94,5742700328.9852519
2026-06-26 21:31:36,ARX,341,384,-5.19,5749372210.417785755
2026-06-26 21:32:36,ARX,342,383,-5.43,5760628102.971797835
2026-06-26 21:33:36,ARX,344,383,-5.43,5768191518.311242625
2026-06-26 21:34:37,ARX,345,383,-5.43,5768678618.081350845
2026-06-26 21:35:37,ARX,346,381,-5.93,5771476029.253661415
2026-06-26 21:36:37,ARX,347,381,-5.93,5781456514.468127415
2026-06-26 21:37:37,ARX,348,381,-5.93,5787993617.016370965
2026-06-26 21:38:38,ARX,349,380,-6.17,5802639944.630924545
2026-06-26 21:39:38,ARX,350,380,-6.17,5819488334.910615686
2026-06-26 21:40:38,ARX,351,375,-7.41,5879517730.992125376
2026-06-26 21:41:38,ARX,352,372,-8.15,5910604153.160575936
2026-06-26 21:42:38,ARX,353,373,-7.9,5934560137.886416181
2026-06-26 21:43:39,ARX,354,373,-7.9,5945586235.805160211
2026-06-26 21:44:39,ARX,355,374,-7.65,5961019733.416239401
2026-06-26 21:45:39,ARX,356,373,-7.9,5970130500.223678641
2026-06-26 21:46:39,ARX,357,376,-7.16,5975774712.200038411
2026-06-26 21:47:41,ARX,358,376,-7.16,5979716187.751460054
2026-06-26 21:48:41,ARX,359,375,-7.41,5987993819.310586896
2026-06-26 21:49:41,ARX,360,374,-7.65,5998248088.036561816
2026-06-29 11:00:13,DATA,0,475,0.21,1780008560.521464699668773119
2026-06-29 11:00:13,DATA,0,475,0.21,1780008560.521464699668773119
2026-06-29 11:01:13,DATA,1,470,-0.63,1780773173.518597589668773119
2026-06-29 11:02:13,DATA,2,470,-0.42,1781531546.425604769668773119
2026-06-29 11:03:14,DATA,3,469,-0.64,1775737349.276138139668773119
2026-06-29 11:04:14,DATA,4,475,0.64,1775630866.296458779668773119
2026-06-29 11:05:14,DATA,5,469,-0.64,1774494872.709062649668773119
2026-06-29 11:06:14,DATA,6,468,-0.85,1775784010.156800009668773119
2026-06-29 11:07:14,DATA,7,472,0,1777026196.069975609668773119
2026-06-29 11:08:15,DATA,8,470,-0.42,1775852931.210078809668773119
2026-06-29 11:09:15,DATA,9,468,-0.85,1775742617.828021849668773119
2026-06-29 11:10:15,DATA,10,463,-1.91,1765770181.375990449668773119
2026-06-29 11:11:16,DATA,11,465,-1.48,1767659413.098722779668773119
2026-06-29 11:12:16,DATA,12,471,-0.21,1760216277.133536059668773119
2026-06-29 11:13:16,DATA,13,468,-0.85,1760230332.133536059668773119
2026-06-29 11:14:16,DATA,14,469,-0.64,1762564552.564185019668773119
2026-06-29 11:15:16,DATA,15,469,-0.64,1762564552.564185019668773119
2026-06-29 11:16:16,DATA,16,475,0.64,1772019598.835341199668773119
2026-06-29 11:17:16,DATA,17,475,1.06,1764494172.193746189668773119
2026-06-29 11:18:17,DATA,18,475,1.06,1761943488.463549199668773119
2026-06-29 11:19:17,DATA,19,467,-0.64,1762380412.638057499668773119
2026-06-29 11:20:17,DATA,20,467,-0.64,1761990254.244099819668773119
2026-06-29 11:21:17,DATA,21,467,-0.64,1763042900.795154149668773119
2026-06-29 11:22:17,DATA,22,467,-0.43,1763307389.059891199668773119
2026-06-29 11:23:17,DATA,23,467,-0.43,1758170335.25384417965877357
2026-06-29 11:24:18,DATA,24,467,-0.43,1757656634.152443939668773119
2026-06-29 11:25:18,DATA,25,467,-0.21,1756786994.485514829668773119
2026-06-29 11:26:18,DATA,26,467,-0.43,1756242842.365814499668773119
2026-06-29 11:27:18,DATA,27,468,-0.21,1756458708.740284939668772707
2026-06-29 11:28:18,DATA,28,468,-0.21,1752908685.878850169668772707
2026-06-29 11:29:18,DATA,29,469,-0.21,1751822962.848475879668772707
2026-06-29 11:30:18,DATA,30,473,0.64,1751922751.878014099668772707
2026-06-29 11:31:19,DATA,31,468,-0.43,1758180490.186374119668772707
2026-06-29 11:32:19,DATA,32,468,-0.43,1761309631.878009699668772707
2026-06-29 11:33:19,DATA,33,467,-1.06,1767658824.186243439668772707
2026-06-29 11:34:19,DATA,34,467,-0.85,1767749378.553490059668772707
2026-06-29 11:35:19,DATA,35,467,-0.85,1767719378.553488139668772707
2026-06-29 11:36:19,DATA,36,467,-0.85,1767739378.553486959668772707
2026-06-29 11:37:20,DATA,37,467,-0.85,1771235699.733143399668772707
2026-06-29 11:38:20,DATA,38,467,-0.85,1771225645.537243589668772707
2026-06-29 11:39:20,DATA,39,467,-0.85,1767249624.602994089668772939
2026-06-29 11:40:20,DATA,40,466,-1.06,1767345707.077225409668772939
2026-06-29 11:41:20,DATA,41,466,-1.06,1767345707.077225409668772939
2026-06-29 11:42:20,DATA,42,467,-0.85,1767522884.134581109668772939
2026-06-29 11:43:21,DATA,43,467,-0.85,1767522884.134581109668772939
2026-06-29 11:44:21,DATA,44,466,-1.06,1767056480.510030139668772939
2026-06-29 11:45:21,DATA,45,467,-0.85,1767290646.953917389668772939
2026-06-29 11:46:21,DATA,46,474,0.85,1770632873.542256239668772939
2026-06-29 11:47:21,DATA,47,474,0.85,1770625475.192939039668772939
2026-06-29 11:48:21,DATA,48,474,1.07,1767709017.711784139668772939
2026-06-29 11:49:21,DATA,49,474,0.85,1766709017.711782689668772939
2026-06-29 11:50:22,DATA,50,475,1.28,1766501596.735265089668772776
2026-06-29 11:51:22,DATA,51,475,1.28,1766501596.735265089668772776
2026-06-29 11:52:22,DATA,52,474,1.07,1766515816.735265089668772776
2026-06-29 11:53:22,DATA,53,474,1.07,1766515816.735265089668772776
2026-06-29 11:54:22,DATA,54,474,0.85,1766505773.908708529668772776
2026-06-29 11:55:22,DATA,55,469,-0.21,1766571333.010951639668772776
2026-06-29 11:56:23,DATA,56,467,-0.64,1772902049.776168239668772776
2026-06-29 11:57:23,DATA,57,467,-0.64,1775753711.853536269668772776
2026-06-29 11:58:23,DATA,58,466,-0.85,1778107374.976430969668772776
2026-06-29 11:59:23,DATA,59,465,-1.06,1777424144.688014819668772776
2026-06-29 12:00:23,DATA,60,467,-0.85,1777843045.416426349668772776
2026-06-29 12:01:23,DATA,61,467,-0.85,1777843045.416426349668772776
2026-06-29 12:02:24,DATA,62,465,-1.27,1777847900.398289959668772776
2026-06-29 12:03:24,DATA,63,465,-1.27,1777847900.398289959668772776
2026-06-29 12:04:24,DATA,64,465,-1.27,1777817377.637221399668772776
2026-06-29 12:05:24,DATA,65,465,-1.27,1777889762.948046979668772776
2026-06-29 12:06:24,DATA,66,467,-0.85,1778177866.622191569668772776
2026-06-29 12:07:24,DATA,67,467,-0.85,1778139264.933091569668772776
2026-06-29 12:08:25,DATA,68,465,-1.27,1778900414.933091569668772776
2026-06-29 12:09:25,DATA,69,467,-0.85,1778914424.933091569668772776
2026-06-29 12:10:26,DATA,70,465,-1.69,1777571730.289069069668772776
2026-06-29 12:11:26,DATA,71,467,-1.27,1777851930.289069069668772776
2026-06-29 12:12:26,DATA,72,467,-1.27,1777851930.289069069668772776
2026-06-29 12:13:26,DATA,73,467,-1.48,1773332903.198843209668772776
2026-06-29 12:14:26,DATA,74,467,-1.48,1764198409.807542469668772776
2026-06-29 12:15:26,DATA,75,466,-1.69,1764718561.295104909668772776
2026-06-29 12:16:27,DATA,76,467,-1.27,1764414064.886129549668772776
2026-06-29 12:17:27,DATA,77,467,-1.27,1757635577.879104139668772776
2026-06-29 12:18:27,DATA,78,466,-1.48,1758606612.591307459668772776
2026-06-29 12:19:27,DATA,79,466,-1.48,1758606612.591307459668772776
2026-06-29 12:20:27,DATA,80,472,-0.21,1758646052.591307459668772424
2026-06-29 12:21:27,DATA,81,472,-0.21,1756751847.532505379668772424
2026-06-29 12:22:27,DATA,82,472,-0.21,1756751847.532505379668772424
2026-06-29 12:23:28,DATA,83,472,-0.42,1756650018.106075659668772424
2026-06-29 12:24:28,DATA,84,472,-0.42,1751957391.521306919668772424
2026-06-29 12:25:28,DATA,85,472,-0.42,1751517958.147445319668772424
2026-06-29 12:26:28,DATA,86,467,-1.48,1756255333.932767569668772424
2026-06-29 12:27:28,DATA,87,466,-1.69,1756142000.700495439668772424
2026-06-29 12:28:28,DATA,88,466,-1.69,1756142000.700495439668772424
2026-06-29 12:29:29,DATA,89,466,-1.69,1756136050.673613019668772424
2026-06-29 12:30:29,DATA,90,466,-1.48,1755511447.400225789668772424
2026-06-29 12:31:29,DATA,91,466,-1.48,1755461493.278909569668772424
2026-06-29 12:32:29,DATA,92,466,-1.06,1751426969.126858509668772424
2026-06-29 12:33:29,DATA,93,466,-1.27,1750380932.357878579668772424
2026-06-29 12:34:29,DATA,94,466,-1.27,1750380932.357878579668772424
2026-06-29 12:35:30,DATA,95,470,-0.42,1750558358.028700179668772424
2026-06-29 12:36:30,DATA,96,469,-0.85,1749734838.444006789668772424
2026-06-29 12:37:30,DATA,97,469,-0.85,1749734838.444006789668772424
2026-06-29 12:38:30,DATA,98,469,-0.85,1749734838.444006789668772424
2026-06-29 12:39:30,DATA,99,470,-0.63,1746997789.807398089668772424
2026-06-29 12:40:30,DATA,100,470,-0.63,1746859824.908856289668772424
2026-06-29 12:41:30,DATA,101,470,-0.42,1743563749.242902999668772424
2026-06-29 12:42:31,DATA,102,470,-0.42,1743563749.242902999668772424
2026-06-29 12:43:31,DATA,103,470,-0.42,1742416527.269725689668772424
2026-06-29 12:44:31,DATA,104,470,-0.42,1741578610.789844169668772424
2026-06-29 12:45:31,DATA,105,470,-0.21,1737899698.242949809668772424
2026-06-29 12:46:31,DATA,106,470,-0.21,1736666253.271532889668772424
2026-06-29 12:47:32,DATA,107,470,-0.21,1735644794.751682029668772424
2026-06-29 12:48:32,DATA,108,470,0,1735456394.751682029668772424
2026-06-29 12:49:32,DATA,109,469,-0.21,1735689870.557237309668772424
2026-06-29 12:50:32,DATA,110,469,-0.21,1734422304.610455609668772424
2026-06-29 12:51:32,DATA,111,474,0.85,1745349125.894410789668772424
2026-06-29 12:52:32,DATA,112,475,1.28,1738514511.249673589668772024
2026-06-29 12:53:32,DATA,113,475,0.85,1736541088.273870319668772024
2026-06-29 12:54:33,DATA,114,475,0.85,1742326624.433468569668772024
2026-06-29 12:55:33,DATA,115,475,0.85,1742326624.433468569668772024
2026-06-29 12:56:33,DATA,116,475,0.85,1740318459.400728019668772024
2026-06-29 12:57:33,DATA,117,475,0.85,1740318459.400728019668772024
2026-06-29 12:58:33,DATA,118,470,-0.21,1740332559.400728019668772024
2026-06-29 12:59:33,DATA,119,473,0.42,1740366537.95434121966877175
2026-06-29 13:00:34,DATA,120,470,-0.21,1740507569.85952121966877175
2026-06-29 13:01:34,DATA,121,469,-0.21,1733779149.66191241966877175
2026-06-29 13:02:34,DATA,122,470,0.21,1733776154.64944311966877152
2026-06-29 13:03:34,DATA,123,470,0.21,1732558718.92892693966877152
2026-06-29 13:04:34,DATA,124,472,0.64,1727929438.928926939668771166
2026-06-29 13:05:34,DATA,125,472,0.64,1725672530.818271429668771166
2026-06-29 13:06:35,DATA,126,469,0,1726136827.990957379668771166
2026-06-29 13:07:35,DATA,127,470,0.21,1725045231.967317379668771076
2026-06-29 13:08:36,DATA,128,470,0.21,1724625973.752199959668771076
2026-06-29 13:09:36,DATA,129,470,0.21,1725002267.576070689668770926
2026-06-29 13:10:36,DATA,130,470,0,1724700965.167523409668770926
2026-06-29 13:11:36,DATA,131,467,-0.64,1725016378.095813479668770926
2026-06-29 13:12:36,DATA,132,472,0.43,1725059659.94750747966877055
2026-06-29 13:13:36,DATA,133,472,0.43,1724004607.24735867966877055
2026-06-29 13:14:36,DATA,134,472,0.43,1724040215.02790411966877055
2026-06-29 13:15:37,DATA,135,472,0.43,1724440215.02790475966877055
2026-06-29 13:16:37,DATA,136,468,-0.43,1724706137.97627279966877055
2026-06-29 13:17:37,DATA,137,468,-0.21,1722478053.45116489966877055
2026-06-29 13:18:37,DATA,138,468,-0.21,1720818795.51136368966877055
2026-06-29 13:19:37,DATA,139,468,-0.21,1720724995.51136368966877055
2026-06-29 13:20:37,DATA,140,468,-0.21,1717872046.61206059966877055
2026-06-29 13:21:38,DATA,141,468,-0.21,1717872046.61206059966877055
2026-06-29 13:22:38,DATA,142,468,-0.21,1709119960.66344472966877055
2026-06-29 13:23:38,DATA,143,468,-0.21,1709100063.85434472966877055
2026-06-29 13:24:38,DATA,144,468,-0.43,1701702526.41465253966877055
2026-06-29 13:25:38,DATA,145,468,-0.43,1701722526.41465017966877055
2026-06-29 13:26:38,DATA,146,468,-0.64,1701232526.41464987966877055
2026-06-29 13:27:38,DATA,147,468,-0.43,1701222526.41464766966877055
2026-06-29 13:28:39,DATA,148,468,-0.64,1700728697.27678256966877055
2026-06-29 13:29:39,DATA,149,468,-0.43,1699398248.88158256966877055
2026-06-29 13:30:39,DATA,150,471,0.21,1699347137.81792336966877055
2026-06-29 13:31:39,DATA,151,473,0.85,1698138800.762751369668770097
2026-06-29 13:32:39,DATA,152,473,0.85,1698138800.762751369668770097
2026-06-29 13:33:39,DATA,153,473,0.85,1698138800.762751369668770097
2026-06-29 13:34:40,DATA,154,470,0.21,1698311008.334111369668770097
2026-06-29 13:35:40,DATA,155,470,0.21,1697517888.999231909668770097
2026-06-29 13:36:40,DATA,156,470,0.21,1695231346.258573039668770097
2026-06-29 13:37:40,DATA,157,470,0.21,1695231346.258573039668770097
2026-06-29 13:38:40,DATA,158,470,0.21,1695231346.258573039668770097
2026-06-29 13:39:41,DATA,159,470,0.21,1695198322.796073039668770097
2026-06-29 13:40:41,DATA,160,470,0,1695219140.197813899668770097
2026-06-29 13:41:41,DATA,161,470,0.21,1696972567.114487199668770097
2026-06-29 13:42:41,DATA,162,470,0.21,1696972567.114487199668770097
2026-06-29 13:43:42,DATA,164,470,0.21,1696972567.114487199668770097
2026-06-29 13:44:42,DATA,165,470,0.21,1696992567.114482799668770097
2026-06-29 13:45:42,DATA,166,470,0.43,1696808799.111461049668770097
2026-06-29 13:46:42,DATA,167,473,1.07,1697098012.078127589668770097
2026-06-29 13:47:42,DATA,168,473,0.85,1657790642.604420389668770097
2026-06-29 13:48:42,DATA,169,473,0.64,1657567835.708902889668770097
2026-06-29 13:49:42,DATA,170,473,0.64,1657567835.708902889668770097
2026-06-29 13:50:43,DATA,171,473,0.64,1651412090.910131149668770097
2026-06-29 13:51:43,DATA,172,473,0.64,1651412090.910131149668770097
2026-06-29 13:52:43,DATA,173,472,0.43,1651392740.016409249668770097
2026-06-29 13:53:43,DATA,174,472,0.21,1651392739.999865249668770097
2026-06-29 13:54:43,DATA,175,472,-0.42,1649932696.012570449668770097
2026-06-29 13:55:43,DATA,176,472,-0.84,1646303317.361361349668770097
2026-06-29 13:56:46,DATA,177,472,-0.84,1639291946.359989379668770097
2026-06-29 13:57:46,DATA,178,472,-0.63,1638091120.407414069668770097
2026-06-29 13:58:46,DATA,179,473,-0.21,1638067586.229814889668770097
2026-06-29 13:59:47,DATA,180,473,-0.42,1631082977.974850989668770097
2026-06-29 14:00:47,DATA,181,473,-0.21,1629851960.455178239668770097
2026-06-29 14:01:47,DATA,182,473,-0.21,1629261448.837778239668770097
2026-06-29 14:02:47,DATA,183,473,0.21,1630094773.228788589668770097
2026-06-29 14:03:52,DATA,184,470,-0.42,1629503687.799528279668770097
2026-06-29 14:04:52,DATA,185,470,-0.21,1628952233.258736209668770097
2026-06-29 14:05:52,DATA,186,467,-0.85,1635077635.397139869668770097
2026-06-29 14:06:52,DATA,187,467,-0.85,1635077635.397139869668770097
2026-06-29 14:07:53,DATA,188,467,-1.06,1635034040.004734529668770097
2026-06-29 14:08:53,DATA,189,467,-1.06,1635034040.004734529668770097
2026-06-29 14:09:54,DATA,190,467,-1.06,1637216976.142274439668770097
2026-06-29 14:10:54,DATA,191,465,-1.69,1640698445.168026039668770097
2026-06-29 14:11:54,DATA,192,472,-0.21,1644008726.356020989668769801
2026-06-29 14:12:54,DATA,193,472,-0.42,1643890096.841221479668769801
2026-06-29 14:13:54,DATA,194,472,-0.42,1615603011.826701259668770051
2026-06-29 14:14:54,DATA,195,472,-0.42,1615603011.826701259668770051
2026-06-29 14:15:55,DATA,196,472,-0.42,1595149048.910841799668770051
2026-06-29 14:16:55,DATA,197,470,-0.63,1589450189.793366799668770051
2026-06-29 14:17:55,DATA,198,470,-0.63,1589450189.793366799668770051
2026-06-29 14:18:55,DATA,199,470,-0.42,1589339189.788863719668770051
2026-06-29 14:19:55,DATA,200,470,-0.63,1589343229.471698299668770051
2026-06-29 14:20:55,DATA,201,470,-0.63,1589343229.471698299668770051
2026-06-29 14:21:56,DATA,202,470,-0.42,1589178933.866575499668770051
2026-06-29 14:22:56,DATA,203,470,-0.42,1589079355.807501419668770051
2026-06-29 14:23:56,DATA,204,470,-0.42,1589079355.807501419668770051
2026-06-29 14:24:56,DATA,205,470,-0.21,1588618745.890850859668770051
2026-06-29 14:26:01,DATA,206,470,0,1588381402.946663289668770051
2026-06-29 14:27:01,DATA,207,470,0,1587816656.143823189668770051
2026-06-29 14:28:04,DATA,208,470,0,1587752093.051555789668770051
2026-06-29 14:29:09,DATA,209,470,0.21,1587427190.281227189668770051
2026-06-29 14:30:10,DATA,210,470,0.21,1587427190.281227189668770051
2026-06-29 14:31:10,DATA,211,470,0.21,1587427190.281227189668770051
2026-06-29 14:32:10,DATA,212,470,0,1587397190.281223159668770051
2026-06-29 14:33:10,DATA,213,470,0,1584605861.971761459668770051
2026-06-29 14:34:10,DATA,214,470,0,1584724254.704209259668770051
2026-06-29 14:35:10,DATA,215,470,-0.21,1573895281.155849159668770051
2026-06-29 14:36:11,DATA,216,470,-0.21,1572613231.892360349668770051
2026-06-29 14:37:11,DATA,217,470,-0.21,1572613231.892360349668770051
2026-06-29 14:38:11,DATA,218,470,-0.21,1572135698.892360349668770198
2026-06-29 14:39:11,DATA,219,471,0,1572733656.430891239668770198
2026-06-29 14:40:11,DATA,220,471,0,1572733656.430891239668770198
2026-06-29 14:41:11,DATA,221,471,0.21,1572723656.430889029668770198
2026-06-29 14:42:12,DATA,222,471,0.21,1572927107.802459639668770198
2026-06-29 14:43:12,DATA,223,471,0.21,1572927107.802459639668770198
2026-06-29 14:44:12,DATA,224,471,0.21,1572927107.802459639668770198
2026-06-29 14:45:12,DATA,225,471,0.21,1572946003.563056919668770198
2026-06-29 14:46:12,DATA,226,470,0,1572891427.070213119668770198
2026-06-29 14:47:12,DATA,227,470,0,1572891426.775405619668770198
2026-06-29 14:48:12,DATA,228,470,0,1573478926.775405619668770198
2026-06-29 14:49:13,DATA,229,470,0,1573478926.775405619668770198
2026-06-29 14:50:13,DATA,230,468,-0.43,1574344227.763995289668770198
2026-06-29 14:51:13,DATA,231,468,-0.43,1575144436.247763609668770198
2026-06-29 14:52:13,DATA,232,468,-0.43,1575144436.247763609668770198
2026-06-29 14:53:13,DATA,233,468,-0.43,1575244436.247765849668770198
2026-06-29 14:54:13,DATA,234,468,-0.43,1565841105.851868289668770198
2026-06-29 14:55:14,DATA,235,468,-0.64,1563167491.378795389668770198
2026-06-29 14:56:14,DATA,236,468,-0.64,1558985095.368824769668770198
2026-06-29 14:57:14,DATA,237,468,-0.64,1558985095.368824769668770198
2026-06-29 14:58:14,DATA,238,468,-0.64,1558645065.926639339668770198
2026-06-29 14:59:14,DATA,239,468,-0.43,1558719461.526282899668770198
2026-06-29 15:00:14,DATA,240,468,-0.43,1559655461.526282899668770198
2026-06-29 15:01:15,DATA,241,468,-0.43,1559655461.526282899668770198
2026-06-29 15:02:15,DATA,242,468,-0.21,1559644461.526282499668770198
2026-06-29 15:03:15,DATA,243,468,-0.21,1559394055.291868569668770198
2026-06-29 15:04:15,DATA,244,468,-0.21,1559394055.291868569668770198
2026-06-29 15:05:15,DATA,245,467,-0.43,1559649906.262412779668770198
2026-06-29 15:06:15,DATA,246,467,-0.43,1559618870.431081729668770198
2026-06-29 15:07:15,DATA,247,466,-0.64,1559011628.056946039668770198
2026-06-29 15:08:16,DATA,248,466,-0.64,1559011628.056946039668770198
2026-06-29 15:09:16,DATA,249,466,-0.64,1557137556.977944589668770198
2026-06-29 15:10:17,DATA,250,466,-0.64,1557137556.977944589668770198
2026-06-29 15:11:17,DATA,251,466,-0.43,1556720069.482099089668770198
2026-06-29 15:12:17,DATA,252,467,-0.21,1554819720.808772929668770198
2026-06-29 15:13:17,DATA,253,467,-0.43,1539618950.352468629668770198
2026-06-29 15:14:17,DATA,254,467,0,1515380886.014433759668770198
2026-06-29 15:15:17,DATA,255,467,-0.21,1505469912.711084549668770198
2026-06-29 15:16:17,DATA,256,468,-0.64,1500056240.351126319668770198
2026-06-29 15:17:18,DATA,257,468,-0.64,1498967743.674110319668770198
2026-06-29 15:18:18,DATA,258,467,-0.85,1499535536.679439829668770198
2026-06-29 15:19:18,DATA,259,467,-0.64,1491611909.090495779668770198
2026-06-29 15:20:18,DATA,260,467,-1.06,1487935496.406742159668770198
2026-06-29 15:21:18,DATA,261,466,-1.27,1487959161.482660999668769806
2026-06-29 15:22:18,DATA,262,467,-1.06,1487999079.687146309668769806
2026-06-29 15:23:19,DATA,263,467,-1.27,1474417710.715040789668769806
2026-06-29 15:24:19,DATA,264,467,-1.27,1474387710.761439829668769806
2026-06-29 15:25:19,DATA,265,468,-1.27,1477290802.961082179668770198
2026-06-29 15:26:19,DATA,266,468,-1.27,1477262803.022682179668770198
2026-06-29 15:27:19,DATA,267,469,-1.05,1477664937.790069099668770198
2026-06-29 15:28:19,DATA,268,469,-1.26,1474709796.522884369668770198
2026-06-29 15:29:19,DATA,269,469,-1.26,1463868123.137686609668770198
2026-06-29 15:30:20,DATA,270,469,-1.26,1455627224.672359509668770198
2026-06-29 15:31:20,DATA,271,469,-0.85,1455500666.166719039668770198
2026-06-29 15:32:20,DATA,272,469,-0.85,1454495038.067582449668770198
2026-06-29 15:33:20,DATA,273,469,-0.64,1454016455.281420849668770198
2026-06-29 15:34:20,DATA,274,469,-0.21,1452646775.891005809668770198
2026-06-29 15:35:20,DATA,275,469,-0.21,1452646775.891005809668770198
2026-06-29 15:36:20,DATA,276,469,-0.21,1452519758.903705409668770198
2026-06-29 15:37:21,DATA,277,469,-0.21,1450999081.098221009668770198
2026-06-29 15:38:21,DATA,278,469,-0.21,1449812859.893796909668770198
2026-06-29 15:39:21,DATA,279,469,-0.21,1449307505.183166409668770198
2026-06-29 15:40:21,DATA,280,469,-0.21,1449307505.183166409668770198
2026-06-29 15:41:21,DATA,281,468,-0.43,1449385329.804702889668770198
2026-06-29 15:42:21,DATA,282,468,-0.21,1449180757.744945369648770288
2026-06-29 15:43:21,DATA,283,468,-0.21,1448176809.300732289648770288
2026-06-29 15:44:22,DATA,284,469,0,1448187202.741755429648770288
2026-06-29 15:45:22,DATA,285,469,0,1446541652.380713959648770288
2026-06-29 15:46:22,DATA,286,469,0.21,1444357851.978681089648770288
2026-06-29 15:47:22,DATA,287,469,0.21,1444140532.700271089648770288
2026-06-29 15:48:22,DATA,288,469,0,1444198865.156450599648770288
2026-06-29 15:49:22,DATA,289,469,0.21,1441576803.210188499648770288
2026-06-29 15:50:23,DATA,290,469,0.21,1440489302.923921299648770288
2026-06-29 15:51:23,DATA,291,468,-0.43,1435799929.623018299648770288
2026-06-29 15:52:23,DATA,292,468,-0.43,1435838477.399497979648770288
2026-06-29 15:53:23,DATA,293,468,-0.43,1435838477.399497979648770288
2026-06-29 15:54:23,DATA,294,468,-0.43,1435951381.222646459648770288
2026-06-29 15:55:23,DATA,295,468,-0.43,1435619431.034128859648770528
2026-06-29 15:56:23,DATA,296,468,-0.21,1433609388.034125359648770528
2026-06-29 15:57:24,DATA,297,468,-0.21,1433609388.034125359648770528
2026-06-29 15:58:24,DATA,298,468,-0.21,1433609388.034125359648770528
2026-06-29 15:59:24,DATA,299,468,-0.21,1433609388.034125359648770528
2026-06-29 16:00:24,DATA,300,468,-0.21,1428177417.895336139648770528
2026-06-29 16:01:24,DATA,301,468,-0.21,1420379630.333095499648770288
2026-06-29 16:02:24,DATA,302,468,-0.43,1419081163.679891109648770288
2026-06-29 16:03:25,DATA,303,468,-0.43,1418781612.457948409648770288
2026-06-29 16:04:25,DATA,304,468,-0.43,1418741454.851964209648770288
2026-06-29 16:05:25,DATA,305,468,-0.43,1418741454.851964209648770288
2026-06-29 16:06:25,DATA,306,468,-0.64,1412988564.639036209648770288
2026-06-29 16:07:25,DATA,307,468,-0.64,1412988564.639036209648770288
2026-06-29 16:08:25,DATA,308,468,-0.64,1412988564.639036209648770288
2026-06-29 16:09:26,DATA,309,468,-0.64,1413168416.350659689648770288
2026-06-29 16:10:26,DATA,310,468,-0.64,1413377954.846486609648770288
2026-06-29 16:11:27,DATA,311,468,-0.64,1413377954.846486609648770288
2026-06-29 16:12:27,DATA,312,468,-0.64,1413377954.846486609648770288
2026-06-29 16:13:27,DATA,313,468,-0.64,1406743168.101661409648770288
2026-06-29 16:14:27,DATA,314,468,-0.64,1406412303.263756939648770288
2026-06-29 16:15:27,DATA,315,468,-0.85,1394228910.618112259648770288
2026-06-29 16:16:27,DATA,316,469,-0.64,1393200320.831547049648770288
2026-06-29 16:17:28,DATA,317,469,-0.21,1397809113.206389209648770288
2026-06-29 16:18:28,DATA,318,469,-0.21,1394591161.069761269648770288
2026-06-29 16:19:28,DATA,319,469,-0.21,1394591161.069761269648770288
2026-06-29 16:20:28,DATA,320,469,-0.21,1394591161.069761269648770288
2026-06-29 16:21:28,DATA,321,468,-0.43,1395456335.670541109648770288
2026-06-29 16:22:28,DATA,322,468,-0.43,1390467948.260899509648770288
2026-06-29 16:23:28,DATA,323,465,-1.69,1388985241.095890389648769896
2026-06-29 16:24:29,DATA,324,466,-1.27,1393319595.368711509648769896
2026-06-29 16:25:29,DATA,325,466,-1.27,1393765560.475193909648769896
2026-06-29 16:26:29,DATA,326,465,-1.48,1394489560.513593909648769896
2026-06-29 16:27:29,DATA,327,465,-1.48,1393969560.551997829648769896
2026-06-29 16:28:29,DATA,328,465,-1.69,1393929560.628797829648769896
2026-06-29 16:29:29,DATA,329,465,-1.48,1394834260.546511899648769896
2026-06-29 16:30:30,DATA,330,466,-1.27,1397067083.681340199648769896
2026-06-29 16:31:30,DATA,331,467,-1.06,1396148400.631688369648769896
2026-06-29 16:32:30,DATA,332,468,-0.64,1397287471.748915159648769896
2026-06-29 16:33:30,DATA,333,468,-0.64,1400484225.600468599648769476
2026-06-29 16:34:30,DATA,334,464,-1.49,1401644022.360721029648769476
2026-06-29 16:35:30,DATA,335,465,-1.48,1401774627.174246059648769476
2026-06-29 16:36:30,DATA,336,465,-1.48,1402646151.585969579648769476
2026-06-29 16:37:31,DATA,337,463,-1.91,1403563482.016644699648769476
2026-06-29 16:38:31,DATA,338,463,-1.7,1403743173.774513179648769476
2026-06-29 16:39:31,DATA,339,465,-1.27,1403751225.644832929648769476
2026-06-29 16:40:31,DATA,340,465,-1.06,1403693607.726862799648769476
2026-06-29 16:41:31,DATA,341,465,-1.06,1403693607.726862799648769476
2026-06-29 16:42:31,DATA,342,465,-1.06,1402724865.460818999648769476
2026-06-29 16:43:31,DATA,343,465,-1.06,1401017143.366723239668769856
2026-06-29 16:44:32,DATA,344,465,-0.85,1400808985.760739339668769856
2026-06-29 16:45:32,DATA,345,465,-0.85,1397915458.276021349668769856
2026-06-29 16:46:32,DATA,346,463,-1.28,1396818996.962099749668769856
2026-06-29 16:47:32,DATA,347,464,-0.85,1395091101.918637249668769856
2026-06-29 16:48:32,DATA,348,463,-1.07,1399474957.984829999668769856
2026-06-29 16:49:32,DATA,349,464,-1.07,1399420868.894503479668769856
2026-06-29 16:50:33,DATA,350,463,-1.07,1402120789.106404759668769856
2026-06-29 16:51:33,DATA,351,463,-0.86,1398547812.000702649668769856
2026-06-29 16:52:33,DATA,352,463,-0.64,1397062180.418139419668769856
2026-06-29 16:53:33,DATA,353,460,-1.29,1409377388.583772299668769856
2026-06-29 16:54:33,DATA,354,459,-1.5,1410766764.486493499668769856
2026-06-29 16:55:34,DATA,355,458,-1.72,1409980847.394569269668769922
2026-06-29 16:56:34,DATA,356,462,-0.86,1411678346.3800359496687696
2026-06-29 16:57:34,DATA,357,463,-0.64,1410398041.827178029648770134
2026-06-29 16:58:34,DATA,358,464,-0.64,1410260796.716316829648770134
2026-06-29 16:59:34,DATA,359,468,0,1409578989.758090399648770554
2026-06-30 11:40:07,CAP,0,0,0,0
2026-06-30 11:40:07,CAP,0,0,0,0
2026-06-30 11:41:08,CAP,1,0,0,0
2026-06-30 11:42:08,CAP,2,0,0,0
2026-06-30 11:43:08,CAP,3,0,0,0
2026-06-30 11:44:08,CAP,4,0,0,0
2026-06-30 11:45:08,CAP,5,0,0,0
2026-06-30 11:46:08,CAP,6,0,0,0
2026-06-30 11:47:09,CAP,7,0,0,0
2026-06-30 11:48:09,CAP,8,0,0,0
2026-06-30 11:49:09,CAP,9,0,0,0
2026-06-30 11:50:09,CAP,10,0,0,0
2026-06-30 11:51:09,CAP,11,0,0,0
2026-06-30 11:52:10,CAP,12,0,0,0
2026-06-30 11:53:10,CAP,13,0,0,0
2026-06-30 11:54:10,CAP,14,0,0,0
2026-06-30 11:55:10,CAP,15,0,0,0
2026-06-30 11:56:10,CAP,16,0,0,0
2026-06-30 11:57:10,CAP,17,0,0,0
2026-06-30 11:58:11,CAP,18,0,0,0
2026-06-30 11:59:11,CAP,19,0,0,0
2026-06-30 12:00:11,CAP,20,0,0,0
2026-06-30 12:01:11,CAP,21,0,0,0
2026-06-30 12:02:11,CAP,22,0,0,0
2026-06-30 12:03:11,CAP,23,0,0,0
2026-06-30 12:04:12,CAP,24,0,0,0
2026-06-30 12:05:12,CAP,25,0,0,0
2026-06-30 12:06:12,CAP,26,0,0,0
2026-06-30 12:07:12,CAP,27,0,0,0
2026-06-30 12:08:12,CAP,28,0,0,0
2026-06-30 12:09:12,CAP,29,0,0,0
2026-06-30 12:10:13,CAP,30,0,0,0
2026-06-30 12:11:13,CAP,31,0,0,0
2026-06-30 12:12:13,CAP,32,0,0,0
2026-06-30 12:13:13,CAP,33,0,0,0
2026-06-30 12:14:13,CAP,34,0,0,0
2026-06-30 12:15:14,CAP,35,0,0,0
2026-06-30 12:16:14,CAP,36,0,0,0
2026-06-30 12:17:14,CAP,37,0,0,0
2026-06-30 12:18:14,CAP,38,0,0,0
2026-06-30 12:19:15,CAP,39,0,0,0
2026-06-30 12:20:15,CAP,40,0,0,0
2026-06-30 12:21:15,CAP,41,0,0,0
2026-06-30 12:22:15,CAP,42,0,0,0
2026-06-30 12:23:15,CAP,43,0,0,0
2026-06-30 12:24:16,CAP,44,0,0,0
2026-06-30 12:25:16,CAP,45,0,0,0
2026-06-30 12:26:16,CAP,46,0,0,0
2026-06-30 12:27:16,CAP,47,0,0,0
2026-06-30 12:28:16,CAP,48,0,0,0
2026-06-30 12:29:16,CAP,49,0,0,0
2026-06-30 12:30:17,CAP,50,0,0,0
2026-06-30 12:31:17,CAP,51,0,0,0
2026-06-30 12:32:17,CAP,52,0,0,0
2026-06-30 12:33:17,CAP,53,0,0,0
2026-06-30 12:34:17,CAP,54,0,0,0
2026-06-30 12:35:17,CAP,55,0,0,0
2026-06-30 12:36:18,CAP,56,0,0,0
2026-06-30 12:37:18,CAP,57,0,0,0
2026-06-30 12:38:18,CAP,58,0,0,0
2026-06-30 12:39:18,CAP,59,0,0,0
2026-06-30 12:40:18,CAP,60,0,0,0
2026-06-30 12:41:19,CAP,61,0,0,0
2026-06-30 12:42:19,CAP,62,0,0,0
2026-06-30 12:43:19,CAP,63,0,0,0
2026-06-30 12:44:19,CAP,64,0,0,0
2026-06-30 12:45:19,CAP,65,0,0,0
2026-06-30 12:46:19,CAP,66,0,0,0
2026-06-30 12:47:20,CAP,67,0,0,0
2026-06-30 12:48:20,CAP,68,0,0,0
2026-06-30 12:49:20,CAP,69,0,0,0
2026-06-30 12:50:20,CAP,70,0,0,0
2026-06-30 12:51:20,CAP,71,0,0,0
2026-06-30 12:52:20,CAP,72,0,0,0
2026-06-30 12:53:21,CAP,73,0,0,0
2026-06-30 12:54:21,CAP,74,0,0,0
2026-06-30 12:55:21,CAP,75,0,0,0
2026-06-30 12:56:21,CAP,76,0,0,0
2026-06-30 12:57:21,CAP,77,0,0,0
2026-06-30 12:58:22,CAP,78,0,0,0
2026-06-30 12:59:22,CAP,79,0,0,0
2026-06-30 13:00:22,CAP,80,0,0,0
2026-06-30 13:01:22,CAP,81,0,0,0
2026-06-30 13:02:22,CAP,82,0,0,0
2026-06-30 13:03:22,CAP,83,0,0,0
2026-06-30 13:04:23,CAP,84,0,0,0
2026-06-30 13:05:23,CAP,85,0,0,0
2026-06-30 13:06:23,CAP,86,0,0,0
2026-06-30 13:07:23,CAP,87,0,0,0
2026-06-30 13:08:23,CAP,88,0,0,0
2026-06-30 13:09:23,CAP,89,0,0,0
2026-06-30 13:10:24,CAP,90,0,0,0
2026-06-30 13:11:24,CAP,91,0,0,0
2026-06-30 13:12:24,CAP,92,0,0,0
2026-06-30 13:13:24,CAP,93,0,0,0
2026-06-30 13:14:24,CAP,94,0,0,0
2026-06-30 13:15:25,CAP,95,0,0,0
2026-06-30 13:16:25,CAP,96,0,0,0
2026-06-30 13:17:25,CAP,97,0,0,0
2026-06-30 13:18:26,CAP,98,0,0,0
2026-06-30 13:19:26,CAP,99,0,0,0
2026-06-30 13:20:26,CAP,100,0,0,0
2026-06-30 13:21:26,CAP,101,0,0,0
2026-06-30 13:22:26,CAP,102,0,0,0
2026-06-30 13:23:26,CAP,103,0,0,0
2026-06-30 13:24:27,CAP,104,0,0,0
2026-06-30 13:25:27,CAP,105,0,0,0
2026-06-30 13:26:27,CAP,106,0,0,0
2026-06-30 13:27:27,CAP,107,0,0,0
2026-06-30 13:28:27,CAP,108,0,0,0
2026-06-30 13:29:27,CAP,109,0,0,0
2026-06-30 13:30:27,CAP,110,0,0,0
2026-06-30 13:31:28,CAP,111,0,0,0
2026-06-30 13:32:28,CAP,112,0,0,0
2026-06-30 13:33:28,CAP,113,0,0,0
2026-06-30 13:34:28,CAP,114,0,0,0
2026-06-30 13:35:28,CAP,115,0,0,0
2026-06-30 13:36:28,CAP,116,0,0,0
2026-06-30 13:37:29,CAP,117,0,0,0
2026-06-30 13:38:29,CAP,118,0,0,0
2026-06-30 13:39:29,CAP,119,0,0,0
2026-06-30 13:40:29,CAP,120,0,0,0
2026-06-30 13:41:29,CAP,121,0,0,0
2026-06-30 13:42:29,CAP,122,0,0,0
2026-06-30 13:43:29,CAP,123,0,0,0
2026-06-30 13:44:30,CAP,124,0,0,0
